Car_ID,Customer_ID,Car_Brand,Fuel_Type,Car_Type,Vehicule_Power,Car_Age,Mileage,Car_Price
1006041,23000943,Lotus,Diesel,,,8.0,,150862.35
1010352,23001436,Saab,Petrol,Sports Car,406.0,6.0,64419.0,193109.26
1024985,23002492,BMW,Diesel,SUV,232.0,6.0,62117.0,
1027521,23002523,Ford,Diesel,,334.0,,61938.0,167060.26
1036649,23004010,Lexus,,SUV,338.0,13.0,112471.0,151961.54
1037024,23004998,Mercedes-Benz,Electric,Crossover,229.0,9.0,88223.0,90548.69
1084529,23006262,BMW,Electric,Hatchback,,5.0,56132.0,59854.82
1086961,23006845,Dodge,,Sports Car,,8.0,,151048.52
1088407,23007509,Acura,Electric,SUV,279.0,7.0,,124081.87
1091239,23007524,,Electric,Coupe,124.0,2.0,28568.0,62957.86
1093354,23009191,Lotus,Electric,Convertible,302.0,,44415.0,145853.45
1096967,23011391,,Petrol,Minivan,167.0,,76029.0,75381.74
1102397,23016715,Jeep,Petrol,SUV,,12.0,109073.0,172954.12
1114703,23018171,Mitsubishi,,Pickup Truck,,6.0,,66845.38
1123290,23019076,Dodge,Petrol,SUV,139.0,5.0,54334.0,62865.31
1130093,23020853,Cadillac,Diesel,Crossover,145.0,,70557.0,60427.54
1134591,23021819,Saturn,,Crossover,346.0,,53036.0,
1144131,23023821,Ford,Petrol,,258.0,6.0,60127.0,117374.96
1151039,23024127,Ford,Petrol,Sports Car,363.0,6.0,67182.0,170341.01
1162078,23025179,,Petrol,SUV,174.0,4.0,43484.0,77143.05
1176211,23025809,Kia,Electric,SUV,,10.0,,34122.94
1179440,23027320,Dodge,Diesel,,256.0,,40185.0,126675.13
1181299,23028719,Buick,Petrol,,138.0,3.0,38042.0,
1193896,23030159,,Petrol,Crossover,220.0,7.0,72762.0,91883.82
1211367,23030447,,Petrol,,233.0,,87414.0,
1232774,23030758,,Petrol,Sedan,395.0,7.0,72257.0,175975.33
1244285,23033269,Kia,Diesel,,230.0,6.0,64738.0,
1244984,23034645,Saab,Diesel,Minivan,229.0,6.0,59873.0,103041.46
1252537,23035220,,Diesel,SUV,,5.0,56325.0,
1253896,23035427,Nissan,,Minivan,269.0,11.0,,120197.44
1276037,23036316,Chrysler,Petrol,Crossover,,8.0,76249.0,77818.96
1292352,23036374,Suzuki,Diesel,Coupe,396.0,5.0,58427.0,189804.35
1294449,23037792,,Diesel,,263.0,5.0,,119177.81
1301412,23038861,Buick,,SUV,338.0,,,141260.46
1306959,23040358,Ford,Diesel,Minivan,237.0,10.0,96149.0,95306.52
1316454,23041276,Buick,Electric,,312.0,10.0,,136155.35
1340778,23044764,,,Coupe,222.0,4.0,,110199.27
1341049,23047093,Porsche,Electric,Coupe,,6.0,59818.0,117505.75
1344394,23048512,Dodge,Diesel,Sedan,,,,174739.85
1344493,23049522,Ford,Petrol,Crossover,313.0,6.0,62821.0,143577.81
1352211,23050245,Chevrolet,Petrol,Coupe,271.0,9.0,,110641.7
1361250,23050518,,Diesel,SUV,393.0,12.0,,165034.44
1361645,23051170,,Diesel,Hatchback,,8.0,,18111.11
1361859,23052026,,,SUV,308.0,,52177.0,155549.53
1368559,23053991,Mazda,,Electric Car (EV),487.0,6.0,,228404.61
1369344,23054621,Mazda,Petrol,Hatchback,251.0,13.0,111718.0,
1370088,23055282,Dodge,Petrol,,86.0,7.0,69535.0,23302.52
1371102,23055553,,Diesel,Sports Car,410.0,6.0,59898.0,198357.21
1389845,23057476,Mercury,Petrol,Sports Car,,6.0,62197.0,150708.13
1397544,23060539,Daewoo,Petrol,Sedan,82.0,8.0,,24199.36
1404228,23061804,Chevrolet,Hybrid,Crossover,,4.0,,141981.61
1409636,23061809,Mazda,Diesel,,345.0,,,
1419700,23063541,GMC,Diesel,Hatchback,152.0,10.0,92713.0,53027.89
1421117,23064303,,,Hatchback,299.0,8.0,76340.0,128113.36
1443807,23064309,Toyota,Petrol,Crossover,189.0,7.0,70479.0,80642.0
1445099,23064312,Pontiac,Electric,Pickup Truck,164.0,10.0,94538.0,63173.78
1451867,23071895,Porsche,,Coupe,334.0,4.0,,
1453215,23073424,,Electric,Sedan,116.0,5.0,59348.0,49147.99
1482038,23073755,,Diesel,Minivan,163.0,8.0,75000.0,63248.22
1532083,23074509,Pontiac,,SUV,140.0,,74345.0,53303.86
1538185,23074684,Pontiac,Hybrid,Sedan,189.0,,,
1560671,23075678,Buick,,Crossover,318.0,5.0,57123.0,147507.83
1561568,23077113,Volvo,Diesel,Sedan,,6.0,63557.0,90801.99
1562110,23079696,Buick,,Pickup Truck,156.0,8.0,78376.0,53271.86
1564271,23081063,Bentley,Petrol,Sedan,391.0,,74350.0,181503.31
1564901,23083134,Mercedes-Benz,Electric,Sedan,224.0,,,
1567819,23085722,Chevrolet,Electric,,112.0,2.0,28555.0,46757.83
1572745,23086305,,Diesel,Pickup Truck,210.0,6.0,67061.0,94626.37
1572950,23090618,Isuzu,Hybrid,Crossover,,7.0,68982.0,
1578155,23091435,Plymouth,,SUV,118.0,18.0,138498.0,25026.32
1582682,23092598,,Diesel,Crossover,327.0,,62795.0,155742.75
1592120,23094015,Pontiac,Petrol,SUV,,8.0,75580.0,
1600122,23095113,,Petrol,,286.0,11.0,99611.0,126199.47
1648892,23096081,Lincoln,,Sedan,342.0,9.0,88146.0,
1662215,23096620,Volkswagen,Electric,,,12.0,,43171.82
1675725,23097136,Toyota,Electric,Crossover,176.0,3.0,,80928.17
1675894,23098401,Acura,Petrol,Coupe,,4.0,44719.0,58687.62
1678884,23098464,Ford,Electric,Hatchback,231.0,5.0,54032.0,103842.79
1681376,23098894,Lincoln,Petrol,,187.0,,34163.0,89162.4
1685299,23099438,Chevrolet,Hybrid,Pickup Truck,,,,97377.2
1692015,23104304,,,SUV,112.0,4.0,46292.0,43742.28
1696476,23106042,Ford,Diesel,Crossover,343.0,,,
1702232,23106261,,Diesel,Minivan,166.0,4.0,49144.0,78037.43
1706663,23106268,Plymouth,,Sedan,,,59284.0,156973.41
1710706,23106352,,Diesel,Pickup Truck,275.0,9.0,89756.0,125414.61
1745877,23109346,Subaru,Diesel,Crossover,220.0,3.0,40152.0,114896.46
1750558,23111274,,Petrol,Crossover,261.0,2.0,33466.0,133824.17
1751692,23111945,,,SUV,198.0,,72250.0,
1752050,23112088,Lexus,,Sedan,201.0,,74711.0,
1755097,23114774,MINI,Petrol,,218.0,9.0,88782.0,
1763678,23115079,BMW,Hybrid,SUV,,8.0,81807.0,48353.7
1764792,23115842,,,Hatchback,256.0,,75539.0,118870.31
1771197,23116250,Honda,Diesel,Sports Car,434.0,5.0,51287.0,210105.0
1775498,23117012,Ford,,,246.0,7.0,74074.0,
1777584,23118581,,,Sedan,398.0,7.0,75110.0,185668.89
1781596,23122115,,Petrol,Sedan,,4.0,50846.0,137229.54
1793618,23122772,Nissan,Electric,,113.0,14.0,121193.0,
1798425,23122828,Chevrolet,Petrol,Coupe,350.0,,80145.0,
1803663,23123960,,Electric,SUV,116.0,4.0,45442.0,52458.79
1817322,23124673,,Diesel,Sedan,,9.0,,
1817823,23126513,Dodge,Petrol,,,10.0,,
1820346,23128760,Volkswagen,Diesel,Crossover,,,78651.0,53081.44
1821173,23130581,Mazda,Petrol,,278.0,6.0,61488.0,121638.7
1827027,23130959,Mercedes-Benz,Diesel,Hatchback,151.0,,,72808.13
1856338,23132411,GMC,Electric,,194.0,6.0,65849.0,
1868319,23134908,Ram,Petrol,Crossover,,8.0,76297.0,108247.14
1915870,23135041,Lotus,,SUV,174.0,,68244.0,
1923432,23135586,Mitsubishi,Electric,,108.0,12.0,108370.0,25123.11
1939149,23137196,Pontiac,Diesel,Crossover,150.0,9.0,84723.0,
1949859,23137535,Toyota,Diesel,,,4.0,,
1952217,23138411,,Hybrid,Sports Car,490.0,,,248893.39
1956787,23142229,,Petrol,SUV,392.0,,,
1963676,23142589,Chevrolet,,Crossover,156.0,6.0,61830.0,
1971423,23142702,GMC,Petrol,Sedan,388.0,9.0,86975.0,184861.9
1985883,23143130,Toyota,,,318.0,8.0,,141013.07
1999703,23144350,,Petrol,,388.0,6.0,65954.0,185658.33
2007685,23144436,Audi,Diesel,SUV,,4.0,48079.0,
2021150,23144438,,Petrol,Crossover,309.0,,35284.0,150608.08
2024916,23148678,Toyota,Diesel,Sedan,,7.0,73124.0,158056.0
2030388,23150177,,Hybrid,,368.0,,39811.0,
2038298,23151342,BMW,,,,4.0,46702.0,
2039343,23151538,,Electric,Crossover,291.0,7.0,71479.0,
2043548,23151925,Isuzu,Diesel,Crossover,293.0,7.0,69341.0,134616.98
2048169,23152784,,Diesel,SUV,,3.0,42139.0,175950.82
2049931,23153014,Infiniti,Electric,SUV,330.0,11.0,97462.0,139677.08
2060378,23153151,Mazda,Petrol,,247.0,11.0,96731.0,101122.27
2061265,23154265,Bentley,,Crossover,142.0,8.0,81415.0,51811.42
2139450,23154827,Mercedes-Benz,Petrol,Crossover,,8.0,81442.0,160225.57
2156929,23155503,,Diesel,,,8.0,81259.0,130395.55
2160756,23156266,,,Sedan,328.0,,168066.0,
2173735,23157093,,Petrol,Sedan,184.0,10.0,93837.0,
2174418,23157762,,Diesel,Sedan,180.0,,,74530.99
2176308,23157930,Nissan,Hybrid,,289.0,,,133729.44
2186528,23158902,Chevrolet,Petrol,,218.0,6.0,61725.0,98078.83
2186999,23159334,Lincoln,Petrol,,124.0,,,25955.94
2188634,23159978,Mitsubishi,Petrol,,,2.0,29274.0,127074.63
2196715,23161856,Volkswagen,,SUV,218.0,5.0,56107.0,102495.04
2200347,23163205,BMW,,Sedan,131.0,11.0,97809.0,42504.25
2205097,23164088,,Petrol,,,4.0,50590.0,88253.66
2216005,23164404,,,Coupe,328.0,9.0,86360.0,140032.01
2218626,23167711,Ford,Petrol,Minivan,207.0,7.0,,82792.12
2231311,23168313,Chevrolet,Hybrid,SUV,199.0,5.0,51986.0,93550.08
2231573,23169591,Chevrolet,Hybrid,Pickup Truck,312.0,2.0,27111.0,
2254002,23169906,,Petrol,Pickup Truck,,7.0,,
2256596,23170241,Chevrolet,Diesel,Sedan,,4.0,49205.0,122606.59
2260569,23171629,GMC,Petrol,SUV,,,64818.0,161710.51
2264274,23171631,Lexus,,SUV,,8.0,81120.0,82512.01
2272737,23171723,,,Crossover,181.0,10.0,,
2282136,23172181,,,SUV,194.0,5.0,55740.0,81142.55
2285714,23172685,,Electric,,350.0,5.0,51781.0,164606.64
2293355,23172720,BMW,Diesel,Sedan,,3.0,39330.0,117822.98
2300650,23174324,,Hybrid,Hatchback,,10.0,92910.0,97589.54
2301150,23174336,,Diesel,Sedan,393.0,16.0,128870.0,161451.19
2304885,23174519,Audi,,,201.0,10.0,96670.0,74757.45
2308470,23175356,Audi,Petrol,SUV,,,103271.0,
2316769,23176086,Ford,Electric,,,4.0,,94860.36
2316841,23177114,Volkswagen,Hybrid,SUV,322.0,8.0,79091.0,150320.29
2318653,23179541,Chevrolet,Electric,,,9.0,,40909.73
2326466,23180369,Mazda,Petrol,Coupe,,0.0,,130712.76
2330828,23182791,Cadillac,Diesel,Crossover,332.0,4.0,44034.0,158058.81
2335018,23183185,Lincoln,,Hatchback,210.0,13.0,,
2348220,23183472,Chevrolet,Petrol,Hatchback,169.0,3.0,36391.0,90697.12
2367837,23184116,Hyundai,Diesel,Crossover,,12.0,,36236.89
2377373,23184486,Cadillac,,Pickup Truck,276.0,3.0,36534.0,134944.52
2380854,23185824,Mercedes-Benz,,,213.0,4.0,44810.0,94386.82
2382401,23186866,Pontiac,Petrol,Crossover,206.0,,,
2385771,23187704,,Hybrid,,161.0,7.0,69863.0,61967.69
2398371,23189464,Ford,Petrol,SUV,,,57969.0,137326.92
2408967,23189917,Dodge,,SUV,292.0,13.0,112154.0,125658.92
2414377,23190409,,Electric,,400.0,3.0,39945.0,197063.96
2426992,23190466,Oldsmobile,Diesel,,216.0,6.0,64040.0,
2466322,23195575,Mitsubishi,Electric,,336.0,9.0,83858.0,
2466984,23198724,Volkswagen,Diesel,Hatchback,,,74778.0,
2484365,23199577,Mitsubishi,Petrol,,363.0,5.0,52789.0,169856.45
2485945,23200083,,,,255.0,5.0,53345.0,113772.57
2486546,23200103,Ford,Petrol,SUV,335.0,10.0,90884.0,151041.4
2489437,23200900,Aston Martin,,Sedan,172.0,10.0,,
2502169,23200939,,Petrol,,112.0,8.0,75431.0,
2508933,23201283,Chevrolet,Petrol,,391.0,4.0,48244.0,
2517387,23204125,Buick,Diesel,Sedan,,5.0,54192.0,152776.25
2518929,23205760,,Petrol,SUV,,,67333.0,171960.76
2519019,23206339,GMC,Petrol,Crossover,,7.0,70705.0,
2523793,23207557,,Diesel,Coupe,319.0,8.0,82375.0,138980.0
2531017,23210244,,Diesel,SUV,155.0,,62495.0,55070.81
2533381,23211229,,Petrol,Sedan,152.0,10.0,90262.0,
2543808,23212149,Subaru,Petrol,,231.0,,,87950.8
2555451,23212908,Nissan,Electric,Sedan,258.0,12.0,,99532.26
2565556,23213470,Chrysler,Electric,Coupe,302.0,7.0,68114.0,138255.7
2568502,23214887,Honda,Petrol,Pickup Truck,398.0,,76262.0,179842.26
2570245,23215489,Volkswagen,,Sedan,182.0,6.0,64353.0,86843.17
2585262,23215601,Pontiac,Petrol,Minivan,,4.0,48648.0,121894.62
2588451,23216657,Mazda,,SUV,344.0,16.0,127648.0,142378.78
2592314,23217105,,Electric,Sedan,182.0,11.0,99567.0,
2597547,23217611,Hyundai,Hybrid,Hatchback,,9.0,89490.0,117713.48
2611722,23217776,Chevrolet,Petrol,Minivan,164.0,6.0,,71900.07
2627563,23219524,Ford,,Sedan,100.0,4.0,,42608.94
2671196,23220709,Pontiac,Hybrid,Hatchback,293.0,,94428.0,
2677576,23221503,,,,,6.0,64212.0,
2681765,23221516,Chrysler,Petrol,Sedan,266.0,8.0,78176.0,
2685894,23222134,Mazda,,,114.0,,,
2689827,23223371,Ferrari,Diesel,Sedan,221.0,,74270.0,93794.78
2703666,23226444,,,,288.0,5.0,55360.0,133640.08
2717605,23226475,Suzuki,Petrol,Crossover,233.0,5.0,56134.0,112602.13
2718527,23228466,,Diesel,Minivan,258.0,7.0,,
2720129,23232298,Volvo,Petrol,Sedan,301.0,3.0,36272.0,150286.0
2733111,23232458,GMC,Diesel,,380.0,,,
2733659,23232487,Lotus,Diesel,Crossover,,4.0,50684.0,85623.79
2736099,23233701,,,SUV,175.0,6.0,62314.0,72552.12
2739117,23235006,Ford,Hybrid,Crossover,,10.0,91098.0,
2753832,23235335,,,Crossover,300.0,,63587.0,137868.1
2756385,23235450,GMC,Hybrid,Sedan,,6.0,67137.0,
2757495,23235749,Saab,Diesel,Crossover,136.0,6.0,60691.0,
2758735,23236230,,Petrol,Sedan,350.0,8.0,,163470.52
2759417,23236804,Chevrolet,Diesel,,,,47643.0,74828.45
2779852,23236869,Eagle,Petrol,Sedan,,6.0,65025.0,24203.59
2811696,23238352,Suzuki,Diesel,Sedan,312.0,8.0,78335.0,137865.23
2833665,23239763,,Diesel,Hatchback,117.0,,73498.0,43787.77
2834869,23239933,,Electric,Hatchback,,7.0,67895.0,38456.84
2839576,23240236,Honda,Diesel,,276.0,7.0,68503.0,
2856130,23240325,Maserati,,,291.0,8.0,81137.0,
2860047,23240403,Toyota,Petrol,,216.0,16.0,129269.0,71773.83
2866140,23240851,Dodge,,,210.0,4.0,,95844.0
2867226,23240972,Toyota,Electric,SUV,,16.0,130288.0,52927.95
2867799,23241579,Buick,Diesel,,370.0,4.0,48358.0,180353.0
2870612,23242105,BMW,Diesel,SUV,161.0,2.0,25464.0,
2876117,23243023,Honda,Electric,,,,55056.0,
2876638,23245937,,Electric,,271.0,,,120644.53
2885541,23246721,,,Crossover,260.0,15.0,121403.0,102089.62
2888625,23247957,,Electric,,,4.0,,118404.63
2907954,23248175,Land Rover,Diesel,,386.0,8.0,80883.0,174958.28
2915692,23248638,Pontiac,Diesel,Crossover,,3.0,38340.0,151342.09
2916006,23248642,Chrysler,Hybrid,Coupe,331.0,14.0,120061.0,
2949490,23251297,Chevrolet,,Pickup Truck,159.0,11.0,100712.0,53956.45
2950742,23251972,BMW,Petrol,Hatchback,296.0,5.0,56339.0,140622.52
2953506,23255732,,Diesel,SUV,,2.0,31941.0,
2958458,23255881,Nissan,Diesel,Pickup Truck,,,105872.0,117020.57
2962791,23256287,Mercedes-Benz,Petrol,Convertible,,,,65960.14
2966454,23256877,Chevrolet,,,285.0,11.0,102494.0,108783.34
2984563,23257322,Lamborghini,Petrol,,237.0,,67778.0,107727.43
2987288,23258695,Lamborghini,Petrol,SUV,201.0,,,90708.56
2989663,23260625,Oldsmobile,Diesel,Crossover,195.0,5.0,56600.0,84776.24
2995100,23262154,BMW,Petrol,Coupe,384.0,9.0,,
3000895,23262480,Acura,Diesel,Crossover,,7.0,70628.0,65573.15
3001736,23263153,Honda,Hybrid,,273.0,8.0,,
3003490,23264915,,Petrol,Hatchback,127.0,,,
3020351,23265723,Suzuki,Diesel,,235.0,,103402.0,85479.13
3032485,23266633,Saturn,Diesel,,170.0,13.0,111239.0,64756.44
3033276,23266649,Chevrolet,Diesel,Minivan,187.0,7.0,,85118.74
3040136,23266998,,Electric,,160.0,16.0,126735.0,45252.34
3047595,23267170,Nissan,Petrol,Hatchback,241.0,14.0,117548.0,85259.58
3048703,23267455,GMC,Hybrid,,,9.0,85204.0,
3049455,23268303,Mitsubishi,Diesel,Coupe,304.0,12.0,106358.0,124589.27
3052417,23269478,Buick,Diesel,Crossover,186.0,,96664.0,72100.21
3062792,23269661,Hyundai,Diesel,Minivan,259.0,2.0,30824.0,126128.84
3065630,23270518,Chrysler,,Minivan,239.0,6.0,60777.0,112162.9
3090479,23270762,Chevrolet,Diesel,Crossover,,9.0,86931.0,71798.43
3091991,23272130,,,,152.0,13.0,114098.0,45505.35
3095874,23272487,,Diesel,Sedan,264.0,,,121346.68
3096853,23272930,Mercedes-Benz,Petrol,Sports Car,,2.0,,168514.78
3107064,23274084,Infiniti,,Crossover,283.0,6.0,65834.0,132233.29
3128999,23274524,,Petrol,Minivan,243.0,2.0,26500.0,115083.52
3130471,23275028,Lincoln,Diesel,Sedan,160.0,,65139.0,65356.82
3135569,23275580,Volkswagen,Electric,Sedan,,8.0,77350.0,126730.69
3156073,23276331,Land Rover,Diesel,Sedan,344.0,,45932.0,165413.68
3159060,23276737,Daewoo,Electric,SUV,,,66327.0,129852.51
3162249,23277936,,,Sedan,247.0,,,103726.99
3162326,23278004,Honda,Electric,SUV,,,,100812.09
3166105,23278589,Bentley,Electric,Sedan,82.0,,49000.0,34194.61
3166431,23278599,Dodge,Petrol,Crossover,278.0,6.0,65297.0,
3172468,23279010,,Petrol,SUV,196.0,,44188.0,92688.9
3177503,23281890,Jeep,Hybrid,Crossover,200.0,15.0,123959.0,
3178622,23281953,Chrysler,Diesel,Crossover,343.0,7.0,68457.0,144528.69
3184540,23282221,Chevrolet,Diesel,SUV,330.0,,,
3200320,23283139,,,SUV,207.0,7.0,,
3203605,23283214,,,Crossover,,6.0,64900.0,122701.49
3214665,23284482,,Electric,Crossover,108.0,6.0,,40818.14
3222999,23285672,Mazda,,Sedan,133.0,5.0,54987.0,59918.24
3239195,23285704,,Petrol,Crossover,243.0,5.0,,112077.59
3240282,23287025,Ford,Electric,SUV,264.0,3.0,35077.0,118791.69
3240317,23287830,Ford,Electric,Pickup Truck,320.0,12.0,106016.0,145893.26
3258374,23288242,,,Sedan,264.0,9.0,83132.0,
3289819,23288679,GMC,,,163.0,,75484.0,71374.84
3294499,23290110,Nissan,,,161.0,,,65191.03
3303002,23290219,Volkswagen,Petrol,SUV,301.0,,,151996.44
3330390,23290287,Ford,,,,,,129489.99
3342844,23290797,Chevrolet,Petrol,Sedan,,3.0,,196014.07
3353807,23292759,,Petrol,Hatchback,151.0,5.0,,62124.82
3356671,23294622,,Electric,Minivan,297.0,,43243.0,149042.11
3357551,23299526,,Electric,,,14.0,,
3364355,23300068,Ford,,Crossover,,10.0,91829.0,145857.75
3365219,23301874,Nissan,,,,7.0,69579.0,166913.31
3372809,23302211,,,Crossover,310.0,4.0,,145786.32
3386452,23302890,,Diesel,,245.0,4.0,44065.0,128258.39
3407332,23304645,Ford,Diesel,SUV,,6.0,,73828.3
3422006,23304899,Saab,Petrol,Crossover,326.0,,92991.0,141818.33
3424831,23307400,Chevrolet,Diesel,Sedan,198.0,3.0,36987.0,
3426242,23307654,,Electric,SUV,243.0,,82487.0,104652.36
3456372,23309103,GMC,,Pickup Truck,382.0,,51902.0,185792.91
3495038,23309518,Pontiac,Diesel,Crossover,349.0,5.0,55677.0,163244.07
3495737,23310622,Acura,Petrol,Pickup Truck,413.0,7.0,69072.0,195056.93
3498920,23310790,Mercedes-Benz,,Pickup Truck,353.0,,,162959.49
3502900,23312719,Ford,Diesel,Hatchback,,,61711.0,
3509278,23313053,Ford,Petrol,Pickup Truck,254.0,4.0,46715.0,119850.12
3526484,23313203,Mitsubishi,Petrol,Sedan,186.0,5.0,53695.0,80937.54
3546284,23315749,Porsche,Diesel,SUV,,9.0,,
3569737,23317865,,,Minivan,258.0,7.0,70195.0,113064.54
3577267,23318440,Mercury,Diesel,Sedan,,9.0,88137.0,127790.09
3580959,23318459,,,Minivan,162.0,5.0,51684.0,66210.41
3592154,23318966,Ford,Petrol,Convertible,196.0,9.0,82482.0,
3607880,23319013,Chevrolet,Petrol,,338.0,2.0,,165750.48
3608620,23319078,Kia,Electric,Pickup Truck,399.0,7.0,69170.0,185508.64
3611524,23320476,Mercury,Diesel,Hatchback,189.0,,85066.0,81775.95
3613303,23320805,Toyota,Diesel,Sedan,215.0,2.0,,
3615083,23321961,Buick,Electric,,282.0,,52287.0,129109.42
3615422,23322085,,,SUV,207.0,7.0,68886.0,88338.14
3621849,23322816,Chevrolet,Diesel,Crossover,340.0,10.0,95498.0,
3623481,23326464,Mercury,Petrol,Pickup Truck,,5.0,,
3631590,23326576,Porsche,Petrol,Hatchback,87.0,8.0,81768.0,24946.35
3634457,23328066,Mercedes-Benz,Hybrid,Hatchback,,12.0,108469.0,112023.29
3634548,23328195,GMC,Diesel,Pickup Truck,449.0,9.0,83392.0,
3638330,23328967,Mitsubishi,Electric,Sedan,122.0,,,46080.99
3649596,23329934,,Diesel,,,8.0,77372.0,128140.59
3653474,23331597,Isuzu,,Minivan,214.0,5.0,53109.0,99887.55
3653708,23331861,,,,,7.0,70004.0,181471.24
3660313,23333947,,,Hatchback,86.0,,,25617.75
3672265,23335127,Pontiac,Diesel,,145.0,8.0,76092.0,55529.42
3693275,23335144,,,Pickup Truck,355.0,5.0,57417.0,166929.02
3696927,23335422,Chevrolet,Electric,,369.0,,77854.0,179843.83
3698289,23336331,,Petrol,Hatchback,83.0,,57211.0,28255.75
3703166,23336824,Plymouth,,,140.0,10.0,91497.0,
3704191,23337128,Audi,Diesel,Sedan,326.0,5.0,,156333.47
3711682,23339851,Dodge,Petrol,Crossover,,2.0,27077.0,142909.49
3732943,23340938,Cadillac,Diesel,Hatchback,,4.0,44552.0,
3740247,23341621,Isuzu,Hybrid,SUV,167.0,7.0,68182.0,64555.28
3747059,23343949,BMW,Diesel,,346.0,13.0,115484.0,132419.22
3748892,23346067,,Diesel,SUV,130.0,10.0,90095.0,48402.52
3759214,23346621,Mazda,,SUV,123.0,,,
3777479,23349491,Acura,Petrol,,173.0,3.0,,
3798476,23350881,Mazda,Diesel,Pickup Truck,328.0,,99631.0,138076.39
3799255,23350949,Aston Martin,,Sedan,346.0,9.0,,163354.27
3802256,23351563,Volkswagen,,Crossover,145.0,,132492.0,
3834175,23351578,Audi,,Sedan,,5.0,56580.0,
3861011,23352425,GMC,Petrol,SUV,202.0,4.0,47828.0,90666.44
3861101,23354100,Mercedes-Benz,,,291.0,7.0,,
3868791,23355969,Chevrolet,Petrol,Crossover,,5.0,55818.0,88494.32
3887486,23356743,Lexus,Petrol,,,,96598.0,92509.38
3893184,23357236,Pontiac,Diesel,,,5.0,55007.0,99119.56
3894325,23358571,Ferrari,,,198.0,6.0,61248.0,
3902818,23358598,GMC,,Pickup Truck,,4.0,44901.0,180879.46
3905243,23358804,,Electric,SUV,369.0,,88372.0,167139.01
3914221,23359750,Mazda,Petrol,,323.0,4.0,46176.0,
3918874,23360406,Mazda,Hybrid,Crossover,288.0,,78738.0,120605.31
3921029,23361631,Land Rover,Hybrid,Sedan,,15.0,121211.0,143809.22
3923964,23361897,GMC,,Pickup Truck,324.0,2.0,30630.0,156836.97
3928087,23362058,Austin,Petrol,,234.0,13.0,109980.0,
3929732,23362087,Ford,Diesel,,85.0,7.0,,24875.78
3930220,23362919,Dodge,Petrol,SUV,380.0,,42305.0,175553.62
3948881,23363556,GMC,,Coupe,230.0,7.0,70375.0,98923.79
3962847,23364097,Scion,Diesel,Sedan,314.0,,,
3975058,23364264,,Petrol,Sedan,283.0,,48816.0,137409.51
3975450,23365380,Mazda,,,256.0,8.0,79701.0,114995.36
3975587,23365548,Pontiac,Petrol,Hatchback,211.0,13.0,112836.0,79032.66
3984204,23370150,Honda,Electric,Sedan,290.0,5.0,,140394.45
3994459,23370978,Mitsubishi,Electric,Sedan,349.0,,45017.0,170151.91
4001927,23371403,Dodge,Electric,Coupe,325.0,6.0,64464.0,
4002913,23371836,Suzuki,Petrol,,,,69031.0,107523.45
4005052,23371979,Buick,Petrol,Hatchback,,11.0,98041.0,106022.44
4007306,23372777,Saab,Petrol,Pickup Truck,399.0,,63774.0,
4009301,23373638,,,Crossover,249.0,5.0,56938.0,113522.6
4009864,23375251,Ford,,,82.0,4.0,44628.0,29429.3
4010564,23375509,,Electric,Sedan,,,32793.0,
4023238,23376606,,,Pickup Truck,163.0,,,72246.96
4033058,23376622,Mitsubishi,Diesel,SUV,,3.0,39020.0,
4037217,23379241,,,SUV,102.0,,,38838.77
4037666,23379626,Volkswagen,Petrol,,278.0,,,
4044924,23380248,Nissan,Diesel,,273.0,6.0,66385.0,
4060939,23380553,Mazda,,SUV,201.0,14.0,120423.0,74940.78
4063450,23380747,,Diesel,Crossover,322.0,,98876.0,
4067704,23381848,Chevrolet,Diesel,Crossover,,6.0,60964.0,
4071609,23382001,Subaru,Electric,,124.0,19.0,141536.0,31248.92
4086458,23382250,Plymouth,Electric,Sedan,,7.0,68926.0,77759.62
4089305,23383511,,Diesel,Hatchback,113.0,7.0,72518.0,
4092366,23383650,Volvo,Petrol,Crossover,,,64037.0,
4095161,23384139,,Petrol,Hatchback,177.0,6.0,,
4138629,23385641,Kia,Electric,SUV,370.0,,54515.0,176284.81
4142781,23387887,Nissan,Electric,,,6.0,61330.0,46755.22
4149031,23389875,Infiniti,Petrol,Crossover,264.0,,110165.0,101391.97
4150667,23393161,,Diesel,,181.0,11.0,102824.0,
4163336,23393574,,Diesel,Crossover,301.0,2.0,25969.0,158427.77
4163639,23393863,Pontiac,Electric,,,3.0,36722.0,
4172940,23394828,Pontiac,Diesel,Sedan,253.0,4.0,49266.0,122008.87
4189482,23396195,Dodge,Electric,,378.0,,93070.0,167360.55
4217643,23396323,Lincoln,Electric,,356.0,11.0,103247.0,152638.9
4227872,23399007,Buick,,Crossover,225.0,9.0,87569.0,85550.78
4227959,23399957,Toyota,,,,3.0,,157873.89
4229176,23402456,Suzuki,Petrol,SUV,115.0,,54958.0,44650.6
4242658,23402982,,Petrol,,,,80457.0,179065.33
4247597,23405235,GMC,Petrol,Pickup Truck,331.0,,61515.0,160188.35
4271912,23406624,,Electric,Sedan,394.0,5.0,58327.0,
4280325,23406686,Jeep,Diesel,Crossover,120.0,5.0,58667.0,54103.47
4295414,23410215,Ford,,,297.0,11.0,100214.0,
4304121,23412039,Dodge,Electric,,233.0,9.0,,93215.67
4313320,23413112,Ford,Diesel,Crossover,330.0,6.0,59739.0,158351.16
4322561,23414339,Volkswagen,Electric,Pickup Truck,,,76290.0,105813.35
4322596,23416817,Ford,Hybrid,,202.0,3.0,39852.0,
4332989,23418444,Hyundai,,Pickup Truck,187.0,,55181.0,86168.5
4353133,23419061,Mitsubishi,Electric,Sedan,279.0,,,121855.05
4356841,23419949,Ford,,Sedan,162.0,3.0,34087.0,78537.61
4366021,23420535,Audi,Electric,Crossover,252.0,9.0,83801.0,
4368688,23422003,Volvo,Petrol,,,2.0,25918.0,79664.17
4371451,23423361,,Diesel,Sedan,,,115910.0,160353.58
4375338,23425394,,,Sedan,275.0,5.0,,
4375792,23426003,GMC,Diesel,Sedan,272.0,8.0,78423.0,
4384429,23429972,Dodge,Diesel,Convertible,,,,107082.06
4387542,23432708,Mercedes-Benz,,,298.0,7.0,71486.0,
4393080,23432726,Ford,Petrol,,109.0,,75775.0,
4400415,23436055,Ford,Petrol,Minivan,238.0,,31584.0,
4400799,23436070,Nissan,Diesel,,,7.0,72509.0,105381.7
4412233,23437084,Land Rover,Petrol,Convertible,124.0,,,58225.54
4429286,23442396,Mitsubishi,,,308.0,,54600.0,
4446149,23445820,Mercury,Petrol,Crossover,129.0,4.0,,61695.49
4471064,23445923,,Petrol,Minivan,,7.0,72753.0,
4471367,23446937,Chevrolet,Diesel,Sedan,96.0,4.0,,31468.81
4488160,23447522,,,Sedan,266.0,10.0,96056.0,112192.81
4491590,23447744,Cadillac,Petrol,,278.0,8.0,80209.0,121700.22
4500757,23451462,Cadillac,Petrol,Sedan,162.0,7.0,74629.0,66502.34
4504406,23452063,Pontiac,,Crossover,281.0,10.0,,124310.34
4513033,23452622,Dodge,Electric,Sedan,268.0,2.0,30005.0,118774.29
4544708,23454051,Mercury,Petrol,,355.0,3.0,,170436.47
4546760,23454384,GMC,,,249.0,8.0,81440.0,108829.15
4546906,23455104,,Diesel,Hatchback,279.0,,50328.0,129518.24
4553009,23457009,,Petrol,SUV,195.0,5.0,,81946.1
4563937,23458949,Chevrolet,Hybrid,SUV,375.0,3.0,36583.0,
4567026,23461783,Toyota,,Crossover,,4.0,45232.0,125771.72
4575260,23461981,Toyota,Diesel,SUV,357.0,10.0,97250.0,
4579968,23462962,Ford,Petrol,SUV,123.0,8.0,,46323.06
4588879,23466488,Ford,Hybrid,Hatchback,85.0,7.0,72498.0,32282.12
4589309,23467549,Lotus,,,,5.0,53616.0,
4598385,23468978,,Diesel,Crossover,324.0,7.0,70893.0,152160.8
4600608,23468991,Suzuki,Electric,,307.0,,99664.0,131377.7
4601338,23469016,BMW,Petrol,Sedan,283.0,4.0,50779.0,131740.5
4603711,23469410,Toyota,Petrol,,,,66854.0,156077.58
4616035,23469430,,Petrol,Minivan,255.0,14.0,118533.0,
4623060,23470265,Ford,Hybrid,Minivan,168.0,9.0,86802.0,66335.18
4634603,23471789,,,,112.0,5.0,54191.0,51568.53
4652094,23472094,,Petrol,SUV,115.0,9.0,,39087.44
4654748,23473291,MINI,,Pickup Truck,429.0,3.0,33869.0,214095.91
4663747,23474223,Toyota,Electric,,305.0,,65852.0,135353.62
4679712,23474372,,Hybrid,,369.0,,,162592.85
4687107,23474730,Mercedes-Benz,,SUV,286.0,,77780.0,
4696227,23475015,,Electric,Sedan,104.0,9.0,,28926.23
4697793,23475652,Dodge,Diesel,,,,90453.0,
4700965,23475795,Maserati,Diesel,Crossover,225.0,8.0,79624.0,98342.21
4702488,23476548,Volkswagen,Electric,Sedan,98.0,,79182.0,34055.89
4706461,23477978,Mitsubishi,,,355.0,7.0,73242.0,164644.72
4708296,23478042,Mercedes-Benz,,Sedan,236.0,4.0,,
4720674,23479651,Mazda,Electric,,382.0,10.0,96737.0,
4725330,23479979,Acura,Electric,Minivan,,6.0,66694.0,118915.77
4730461,23481398,Pontiac,Petrol,SUV,149.0,9.0,86007.0,57099.68
4732777,23481871,,,SUV,342.0,10.0,93461.0,150103.44
4733146,23484052,Toyota,Diesel,,,5.0,,139699.79
4739722,23484472,,Diesel,SUV,151.0,5.0,56947.0,60964.8
4756064,23485162,Chevrolet,Petrol,,173.0,6.0,59898.0,73774.0
4764977,23485164,Chevrolet,,Crossover,289.0,,102683.0,121982.51
4780405,23487198,,Diesel,SUV,307.0,4.0,,
4789036,23487536,Hyundai,Electric,SUV,342.0,12.0,108471.0,157892.81
4792282,23488349,Ford,Petrol,SUV,166.0,,,63828.55
4800703,23489714,Nissan,Electric,Hatchback,151.0,7.0,74914.0,
4810506,23490171,Bentley,,Pickup Truck,268.0,10.0,92346.0,
4811068,23490669,,Petrol,Hatchback,114.0,,,44789.06
4832369,23491255,Mazda,,SUV,216.0,,96819.0,76261.49
4849420,23492404,Hyundai,Diesel,Sedan,358.0,5.0,,167164.24
4858817,23492582,,Hybrid,Crossover,137.0,,107247.0,
4876306,23492820,Toyota,,Sedan,121.0,5.0,56897.0,
4882218,23496604,Acura,Petrol,Hatchback,122.0,12.0,,44574.56
4888789,23498229,Lexus,Petrol,,287.0,5.0,57510.0,138661.54
4920755,23498346,Mercedes-Benz,Petrol,,238.0,,,114917.75
4925731,23499613,Pontiac,Diesel,SUV,397.0,4.0,,188131.87
4933180,23501471,Nissan,Diesel,Sedan,124.0,,49505.0,60243.37
4948620,23502807,Mercedes-Benz,Petrol,Hatchback,210.0,6.0,66574.0,94938.87
4952671,23503208,Cadillac,,SUV,203.0,7.0,73690.0,90671.95
4965682,23505535,Audi,Electric,Sedan,283.0,10.0,94953.0,
4969810,23506844,Chevrolet,Hybrid,Crossover,211.0,6.0,62304.0,
4980456,23507444,Ford,Diesel,Sedan,397.0,3.0,42327.0,
4993446,23509545,Chevrolet,Hybrid,Sedan,,,78164.0,
5001904,23510479,Oldsmobile,Petrol,Coupe,,7.0,71662.0,81147.59
5003740,23510800,,Diesel,Sedan,246.0,,81118.0,113644.02
5016436,23514530,GMC,Hybrid,Sedan,320.0,5.0,52374.0,154501.92
5019937,23514717,,Diesel,Hatchback,119.0,5.0,54584.0,50341.97
5026374,23517184,Mazda,Diesel,Pickup Truck,199.0,5.0,52095.0,92422.51
5026847,23517793,Lotus,,Crossover,,,100797.0,112495.04
5039420,23517803,BMW,Petrol,Sedan,384.0,12.0,107901.0,165252.95
5053943,23518120,Honda,Diesel,Crossover,,5.0,53833.0,
5058558,23518603,Chevrolet,Petrol,Minivan,,,54582.0,92061.86
5060055,23518791,Volkswagen,Electric,Crossover,305.0,9.0,,148059.12
5088773,23520504,Honda,Petrol,Hatchback,,13.0,111507.0,38045.13
5105838,23521568,Lincoln,Petrol,,,14.0,118667.0,
5117130,23522004,Lotus,Hybrid,,243.0,5.0,52984.0,110481.54
5123140,23522730,Nissan,,,,5.0,58274.0,
5123897,23525776,BMW,Diesel,,373.0,7.0,,171009.83
5127949,23527576,Cadillac,Electric,Crossover,192.0,,,82548.7
5132322,23528954,Saab,Petrol,Sedan,309.0,6.0,63235.0,142793.57
5137776,23529405,Jaguar,,Sedan,265.0,4.0,48935.0,130754.02
5148322,23529766,Buick,Diesel,Crossover,288.0,,66885.0,130194.35
5166423,23530568,Bentley,,Hatchback,,,119126.0,105379.13
5169002,23531361,Plymouth,Electric,Sports Car,287.0,,54856.0,131582.12
5169333,23532104,Geo,Petrol,Sedan,213.0,7.0,73630.0,83670.21
5170007,23532777,,Diesel,,273.0,,140204.0,93911.88
5180332,23533377,Ford,,,110.0,,54411.0,40226.6
5198730,23534997,Lexus,,Sedan,,9.0,86170.0,
5199189,23535246,,Petrol,Crossover,170.0,,,60729.65
5199404,23535485,Morgan,Diesel,SUV,159.0,9.0,83516.0,68729.02
5201286,23537263,,Diesel,Coupe,148.0,11.0,98533.0,45166.34
5209108,23539194,Pontiac,Petrol,Sedan,126.0,10.0,89968.0,
5209874,23541344,Cadillac,,Sedan,157.0,,81070.0,58290.82
5212987,23541481,,Diesel,Sedan,,12.0,106580.0,59779.92
5214748,23543080,Mitsubishi,Petrol,,358.0,9.0,84949.0,163415.39
5219701,23543871,Dodge,,Sedan,117.0,6.0,63222.0,52208.42
5223013,23543898,Dodge,Diesel,,,7.0,71591.0,90869.0
5228426,23544044,Plymouth,Petrol,,202.0,8.0,77165.0,
5232439,23544734,Plymouth,Diesel,SUV,347.0,5.0,58097.0,
5244102,23545049,Lexus,Petrol,Pickup Truck,,7.0,72719.0,60542.49
5250823,23545262,Chevrolet,Electric,Pickup Truck,,7.0,68498.0,120472.8
5251542,23548792,Land Rover,Petrol,Sedan,,,84940.0,106979.97
5253804,23550863,BMW,Diesel,,148.0,16.0,,43558.1
5255985,23552041,,Hybrid,SUV,,7.0,73980.0,173783.76
5288019,23554923,Lotus,Petrol,Pickup Truck,278.0,13.0,112311.0,117355.71
5298315,23555110,Audi,Electric,,285.0,9.0,,131737.29
5314630,23555722,,Diesel,Pickup Truck,385.0,,72664.0,166276.5
5315394,23556390,Kia,Diesel,Sedan,98.0,5.0,56667.0,43763.48
5319035,23556394,Dodge,Diesel,Pickup Truck,379.0,7.0,72586.0,163949.61
5345230,23557184,Mercury,Hybrid,Hatchback,,7.0,71379.0,34019.2
5346059,23559061,Honda,,SUV,,4.0,51322.0,91677.99
5353199,23559183,Ford,Petrol,Crossover,253.0,,,
5353636,23560026,Audi,,Crossover,227.0,8.0,77644.0,91225.18
5365763,23560151,GMC,Electric,Crossover,241.0,13.0,,91372.98
5377223,23562077,Pontiac,,Crossover,336.0,6.0,65811.0,154380.55
5380511,23564232,,,SUV,214.0,,36274.0,102673.67
5388940,23565902,Chevrolet,Petrol,,246.0,2.0,24662.0,122066.55
5394565,23570241,,,Crossover,147.0,4.0,44502.0,
5406692,23571442,Jaguar,,SUV,125.0,,,44875.46
5407816,23571832,Lotus,,Crossover,102.0,,,
5414697,23572908,Chevrolet,,Crossover,124.0,10.0,,40654.83
5418612,23573232,,Petrol,Sedan,208.0,9.0,85009.0,
5423232,23575686,,Electric,Minivan,269.0,6.0,65058.0,120492.53
5425730,23575917,Kia,Petrol,Crossover,,,34871.0,87787.97
5428936,23577477,Toyota,Electric,Minivan,284.0,4.0,51554.0,139374.89
5433901,23578703,Nissan,,Minivan,155.0,6.0,62238.0,53470.03
5435910,23578951,Ford,Hybrid,Sedan,119.0,8.0,,49705.47
5442866,23579309,Mitsubishi,Petrol,Crossover,170.0,3.0,,77391.29
5457267,23582247,,,,327.0,,108518.0,139136.17
5473277,23582430,,,Crossover,,8.0,,148339.61
5480048,23584383,,Electric,SUV,,,,158703.28
5487381,23585262,Chrysler,Electric,SUV,241.0,9.0,85356.0,100961.98
5491875,23586525,,Diesel,Crossover,142.0,12.0,,43475.13
5499912,23586897,,,Pickup Truck,260.0,7.0,72869.0,
5503915,23587840,Ford,,Sedan,340.0,9.0,87009.0,139480.71
5508082,23588553,Mazda,Electric,Sedan,255.0,5.0,51580.0,119577.09
5511975,23589061,Jaguar,Electric,,463.0,14.0,119236.0,196343.31
5515242,23589140,,Electric,,,7.0,,35864.62
5520749,23589441,,Petrol,Hatchback,,,51282.0,
5535074,23589843,Volvo,Diesel,Pickup Truck,,5.0,,
5536916,23590112,,Diesel,Sports Car,281.0,2.0,29047.0,140236.22
5542081,23590213,Chrysler,,SUV,194.0,5.0,56736.0,78514.82
5544731,23591769,Volkswagen,Petrol,SUV,,1.0,21820.0,47791.53
5573877,23592668,,Petrol,Crossover,333.0,9.0,89404.0,148062.68
5586702,23593324,Saturn,,Pickup Truck,,8.0,78946.0,90505.23
5608975,23593416,Ford,Hybrid,SUV,301.0,4.0,45455.0,
5640979,23593691,Ford,Electric,Sedan,374.0,6.0,66215.0,174609.95
5648072,23593692,Mercury,Electric,Minivan,250.0,6.0,,114821.02
5651591,23594159,Buick,,,263.0,3.0,,128732.74
5651633,23595850,Mitsubishi,Petrol,Sedan,,,,60603.54
5669544,23596248,GMC,,Sedan,300.0,7.0,68281.0,137129.8
5678580,23596411,Dodge,,,,6.0,,
5681019,23598415,,Electric,Sedan,117.0,5.0,51069.0,
5695333,23598493,Dodge,,Minivan,165.0,4.0,44546.0,74774.59
5716942,23599113,BMW,Electric,SUV,,6.0,60825.0,
5741387,23599244,Hyundai,,SUV,235.0,5.0,53964.0,103165.99
5741817,23599280,Ford,Diesel,Sedan,287.0,9.0,83126.0,125316.62
5763864,23601322,Bentley,,SUV,199.0,12.0,107096.0,80410.64
5764065,23601493,Nissan,Diesel,Hatchback,270.0,10.0,,104712.67
5768859,23602083,,Electric,Sedan,249.0,7.0,69052.0,
5776838,23604611,Hummer,Petrol,,251.0,5.0,52288.0,111563.24
5777044,23605127,Pontiac,Petrol,SUV,300.0,,92308.0,133629.16
5802498,23609629,Plymouth,,,,9.0,84883.0,
5814702,23610870,Ford,Diesel,,,,,93162.96
5818608,23613041,Chevrolet,,,,7.0,72368.0,108628.21
5820846,23614174,Oldsmobile,Petrol,Pickup Truck,391.0,14.0,117354.0,169877.98
5854535,23614966,Audi,Diesel,Sedan,,7.0,72711.0,169648.06
5854651,23615057,,Diesel,SUV,178.0,,,
5865360,23615167,Audi,Diesel,Pickup Truck,319.0,,,
5878177,23618427,,Petrol,Sedan,,8.0,81559.0,181138.99
5879945,23618922,Mitsubishi,Diesel,Hatchback,,5.0,54004.0,51147.95
5901362,23620928,Volkswagen,,,386.0,14.0,,159835.35
5908218,23622491,,Petrol,,297.0,,79382.0,133859.05
5910254,23623374,,,,,,68353.0,
5910339,23623449,Mitsubishi,Electric,Hatchback,,7.0,70998.0,62276.24
5928268,23623996,Ford,Petrol,Crossover,153.0,6.0,61275.0,64471.69
5928987,23624315,,Petrol,Convertible,146.0,2.0,,
5931164,23625328,,Electric,,225.0,,,102283.76
5939677,23625584,,Diesel,Sedan,304.0,,,118029.8
5942890,23625771,Chevrolet,Diesel,Sedan,163.0,,73593.0,68930.94
5946273,23626284,Ford,Diesel,,190.0,10.0,96447.0,68734.11
5960413,23626364,BMW,,Crossover,112.0,11.0,97310.0,35386.27
5962624,23627060,Volkswagen,Diesel,,,6.0,,161992.44
5963330,23627380,BMW,Petrol,,,,85491.0,101808.89
5969921,23628264,,,,250.0,,,
6000241,23631151,,Diesel,Sedan,303.0,12.0,,117657.92
6001105,23631250,Oldsmobile,Petrol,Convertible,350.0,,106404.0,
6002253,23633575,Mercury,Hybrid,Sedan,261.0,8.0,80496.0,111867.94
6007960,23633651,,Diesel,Pickup Truck,226.0,,74255.0,89432.71
6010109,23633829,,Diesel,Hatchback,182.0,6.0,,
6016831,23633994,BMW,,Sedan,,,100322.0,32813.57
6019910,23635138,Jeep,Petrol,Minivan,151.0,,,60812.84
6029059,23636383,BMW,Petrol,,,,,
6046045,23636640,Infiniti,Petrol,Pickup Truck,323.0,5.0,58796.0,153325.91
6053094,23637156,,Petrol,Crossover,,3.0,42494.0,138831.38
6055250,23639682,,,Electric Car (EV),,,,96843.22
6099131,23640068,Nissan,Petrol,Hatchback,226.0,11.0,99929.0,
6108862,23640402,Chevrolet,Petrol,Electric Car (EV),417.0,6.0,66188.0,188539.84
6113914,23640836,Toyota,Diesel,,144.0,8.0,80285.0,
6114129,23640956,,Diesel,Electric Car (EV),227.0,7.0,69682.0,98112.69
6120524,23641184,Mitsubishi,Diesel,Crossover,,3.0,38964.0,116653.24
6120543,23641517,,,Minivan,292.0,3.0,34100.0,
6129019,23642961,Mitsubishi,Electric,,,5.0,57214.0,100402.77
6143244,23643622,Nissan,Diesel,Sedan,,,59014.0,163605.24
6147062,23647474,Lincoln,Petrol,,,5.0,,110152.38
6149697,23647831,Mitsubishi,Petrol,,,6.0,59519.0,42438.86
6155061,23650176,Land Rover,,Crossover,,16.0,127156.0,44911.31
6162766,23651454,,Petrol,Sedan,217.0,,95975.0,87091.32
6185163,23651832,Pontiac,Hybrid,,,7.0,74072.0,156263.83
6189038,23651871,Chevrolet,,Pickup Truck,168.0,6.0,,
6192610,23652143,Ford,Petrol,Coupe,280.0,6.0,66331.0,
6193914,23653265,,Hybrid,SUV,118.0,9.0,87363.0,38343.18
6196295,23653389,Pontiac,Petrol,Crossover,140.0,,65300.0,55573.55
6208423,23653456,Pontiac,Petrol,,,,,41600.16
6218301,23653762,Chevrolet,,,181.0,8.0,,70295.49
6235117,23657984,,Petrol,,258.0,16.0,127251.0,99425.22
6235668,23658011,Volkswagen,Diesel,Sedan,195.0,6.0,63939.0,89854.24
6238153,23658320,,Electric,,222.0,11.0,98248.0,95712.86
6239779,23658418,Land Rover,Diesel,,236.0,4.0,,111839.99
6244535,23660375,Isuzu,Diesel,SUV,187.0,5.0,52679.0,91982.41
6259466,23660743,Mercury,Electric,Crossover,248.0,15.0,,99836.75
6268149,23661155,Dodge,Hybrid,,,10.0,91531.0,134957.2
6290398,23661542,Nissan,Diesel,Hatchback,267.0,8.0,,
6300682,23662068,Dodge,,,246.0,,136498.0,
6301917,23662567,BMW,Electric,Crossover,342.0,6.0,,163621.23
6303145,23663557,Lexus,,,142.0,11.0,,48434.61
6311779,23664948,Chevrolet,,Hatchback,125.0,11.0,100516.0,36725.78
6326946,23666799,Mercury,Petrol,SUV,238.0,13.0,,
6336758,23669288,Chevrolet,,Crossover,260.0,3.0,,126321.37
6337519,23669536,Lincoln,Diesel,Hatchback,258.0,6.0,65788.0,105092.59
6345387,23671516,Suzuki,Petrol,Sedan,,8.0,,101061.91
6358950,23672165,Mitsubishi,,Coupe,150.0,13.0,113794.0,50825.32
6373308,23672943,Volvo,Petrol,Pickup Truck,383.0,8.0,79494.0,176193.83
6376183,23673068,Lincoln,Petrol,SUV,287.0,11.0,100665.0,
6376885,23675137,Mercedes-Benz,Petrol,Pickup Truck,319.0,,,154506.61
6425557,23675968,Dodge,,Sedan,264.0,6.0,,114755.95
6433189,23677370,Lincoln,Petrol,Coupe,,12.0,106491.0,
6437392,23679304,,Hybrid,Hatchback,138.0,6.0,63360.0,52699.32
6441998,23679763,,Petrol,,,7.0,68127.0,62827.53
6447168,23679976,BMW,Petrol,SUV,,13.0,,59754.71
6453843,23681586,Ford,,SUV,,,,
6461448,23686649,,,SUV,122.0,5.0,52560.0,53170.03
6473409,23686722,Infiniti,Petrol,,,3.0,38370.0,130212.64
6485128,23686948,BMW,Hybrid,Crossover,255.0,13.0,114323.0,
6485318,23687685,Cadillac,,Crossover,126.0,10.0,95255.0,41698.17
6498204,23689704,Ford,Electric,Pickup Truck,259.0,10.0,94844.0,113835.66
6516084,23689746,,Hybrid,Minivan,,5.0,,91506.32
6518203,23691236,BMW,Petrol,SUV,,,37197.0,141691.29
6538038,23692445,Lexus,,Sedan,188.0,2.0,,88833.07
6548528,23692911,Chrysler,Diesel,,304.0,12.0,106569.0,117980.98
6553271,23696060,Daewoo,Petrol,Sedan,220.0,8.0,82896.0,82812.67
6553626,23696756,,Diesel,,364.0,9.0,88096.0,158409.58
6556728,23697850,Jaguar,Hybrid,SUV,146.0,7.0,75024.0,59010.66
6558520,23701649,,Petrol,SUV,,,49766.0,155487.06
6564108,23702925,Maserati,Electric,,246.0,,60703.0,107532.88
6577289,23704763,,Diesel,,270.0,,,134100.25
6581702,23705828,Chevrolet,Hybrid,Crossover,300.0,3.0,,151807.18
6589298,23707653,Chevrolet,,SUV,248.0,10.0,,105458.3
6598409,23708186,Scion,Hybrid,,211.0,3.0,,99822.04
6632676,23709654,BMW,Hybrid,,197.0,,44684.0,98174.12
6637326,23711497,Ford,Electric,Coupe,310.0,,62372.0,147502.28
6651269,23715507,Volkswagen,Petrol,,,7.0,70649.0,67068.62
6651823,23716265,,Petrol,Hatchback,226.0,3.0,37957.0,105795.24
6661562,23716540,Honda,Petrol,,201.0,,33814.0,83652.72
6663441,23717222,Buick,Petrol,Crossover,194.0,8.0,79259.0,91220.9
6671803,23717676,Dodge,Petrol,Coupe,378.0,,73550.0,166302.98
6673450,23718064,Eagle,Diesel,Hatchback,224.0,12.0,106095.0,87368.33
6689432,23718703,Mitsubishi,Petrol,Sedan,135.0,7.0,70768.0,65599.05
6706342,23720343,,Diesel,,,8.0,82051.0,69448.42
6709181,23721661,Ford,Diesel,,117.0,,,55457.99
6709450,23723705,BMW,Petrol,Crossover,303.0,5.0,51611.0,135953.87
6715461,23725042,Chrysler,Electric,Sedan,344.0,,,158657.95
6736671,23725740,,,,292.0,,51119.0,135450.77
6746945,23727675,Ram,Petrol,Sedan,298.0,,60169.0,143841.92
6757549,23727943,,Diesel,,203.0,11.0,,76336.51
6782958,23728928,,,Pickup Truck,340.0,,,158973.52
6783021,23730330,GMC,Petrol,,316.0,16.0,,127602.09
6783581,23730430,,Petrol,,337.0,,84793.0,155879.06
6799391,23732584,Audi,Electric,,350.0,8.0,78727.0,
6803807,23733848,,Petrol,Crossover,154.0,7.0,68870.0,57714.72
6822728,23736975,Mitsubishi,Petrol,,381.0,6.0,63954.0,174805.02
6842824,23738470,Ford,Petrol,Sedan,140.0,,54308.0,66627.15
6843900,23739820,Dodge,Petrol,SUV,331.0,3.0,37662.0,162841.08
6853365,23740096,,Electric,Sedan,161.0,4.0,,84068.12
6871595,23742503,Dodge,Hybrid,,,13.0,,175218.59
6891199,23742659,,Electric,,,,83102.0,
6896573,23743942,Maserati,Diesel,SUV,113.0,13.0,113773.0,36056.27
6905902,23745028,,Diesel,,301.0,5.0,53619.0,142918.83
6906647,23745149,Land Rover,,,228.0,4.0,,104586.71
6911767,23746511,Ford,Diesel,SUV,358.0,7.0,68483.0,169283.75
6913543,23746546,Maserati,Electric,SUV,193.0,4.0,49670.0,85569.37
6914035,23748747,Volkswagen,Hybrid,SUV,320.0,7.0,74233.0,143700.13
6915192,23749227,,Petrol,Crossover,193.0,3.0,34145.0,
6926172,23749682,Ford,,Sedan,189.0,2.0,27146.0,93326.39
6929906,23749936,,Diesel,Crossover,150.0,8.0,77602.0,55120.72
6942356,23751187,Mazda,Petrol,Sedan,181.0,,115388.0,60922.23
6943716,23751843,Chevrolet,Diesel,,192.0,,78724.0,84907.14
6946694,23756638,,Electric,,,,82918.0,132772.18
6961369,23756646,Pontiac,,,339.0,7.0,,
6969471,23756657,Kia,,Sedan,,7.0,72190.0,51715.68
6969746,23756665,Aston Martin,Electric,SUV,382.0,3.0,,188389.21
6971542,23757069,,Diesel,,,4.0,50545.0,66860.26
6974663,23757818,Porsche,Electric,Crossover,290.0,11.0,,113584.15
6981201,23759836,Buick,Diesel,Coupe,357.0,,42653.0,
6982776,23760069,,Petrol,Sedan,392.0,6.0,59686.0,180869.87
7011076,23761034,,Diesel,Crossover,,11.0,101720.0,
7012388,23762874,Mitsubishi,Petrol,Hatchback,88.0,,71247.0,34114.5
7025793,23763540,Chevrolet,Diesel,SUV,203.0,,72642.0,90067.08
7026318,23763848,Porsche,,,272.0,,59976.0,122919.73
7031265,23764016,Cadillac,Diesel,Sedan,,9.0,86466.0,79885.43
7038185,23764551,Chevrolet,,Hatchback,99.0,10.0,,26154.11
7043508,23764718,Land Rover,Petrol,Crossover,268.0,4.0,48973.0,121501.07
7044431,23766959,,Petrol,Coupe,,,,69500.23
7066452,23767424,,Hybrid,Pickup Truck,419.0,2.0,30059.0,196729.89
7070507,23767720,Mazda,Electric,,189.0,8.0,80974.0,80439.99
7075028,23768957,Subaru,Hybrid,Sedan,286.0,8.0,,
7076374,23769078,Hummer,Petrol,,278.0,18.0,138980.0,104098.3
7081671,23771729,,,Crossover,151.0,7.0,69704.0,
7084391,23771828,Saab,Diesel,Pickup Truck,365.0,6.0,65300.0,
7088480,23772147,Mazda,Petrol,,,,74727.0,116301.88
7089752,23773093,Mitsubishi,Petrol,Sedan,,8.0,76234.0,164323.5
7094416,23773997,Maserati,Diesel,SUV,114.0,6.0,63439.0,44738.87
7101175,23775796,Buick,Diesel,Minivan,167.0,4.0,49696.0,
7110727,23776617,Ford,Petrol,,,7.0,68250.0,108732.77
7117651,23778829,Chevrolet,Hybrid,Crossover,202.0,6.0,,88322.12
7124295,23779647,Toyota,Diesel,,229.0,6.0,,105477.25
7127068,23782979,Ford,Diesel,Hatchback,106.0,9.0,90577.0,24105.36
7136600,23784449,,,Crossover,147.0,,68164.0,61998.42
7139420,23784623,Buick,,Sedan,253.0,3.0,38353.0,126321.94
7142332,23785380,Dodge,Petrol,Pickup Truck,261.0,,52720.0,113823.74
7146237,23785666,Volkswagen,Diesel,SUV,137.0,6.0,,59263.39
7150097,23787378,Chevrolet,,,,7.0,69217.0,167143.9
7155363,23787767,,Diesel,,328.0,,81938.0,
7166278,23788419,,Diesel,SUV,147.0,7.0,69259.0,64257.14
7173973,23789993,,Electric,Sedan,273.0,2.0,27662.0,139030.55
7176979,23790754,Pontiac,Diesel,Minivan,288.0,3.0,,135744.57
7183682,23790849,Honda,Petrol,Electric Car (EV),,9.0,83810.0,177464.53
7186900,23792683,Nissan,Petrol,SUV,385.0,6.0,61853.0,
7213254,23794285,Honda,Electric,Pickup Truck,418.0,7.0,71461.0,
7221246,23794419,Ford,Diesel,Sedan,227.0,,,104529.63
7225198,23794613,Toyota,Diesel,Sedan,164.0,5.0,,77183.66
7227300,23795197,,Petrol,Sedan,312.0,6.0,,145343.79
7227807,23795390,Nissan,Petrol,Sedan,,7.0,71894.0,
7236144,23795724,Dodge,,Crossover,,7.0,67665.0,127115.78
7238980,23795737,Chevrolet,Hybrid,,163.0,10.0,93987.0,60189.83
7241134,23797075,Lotus,,Sedan,,3.0,35620.0,175878.16
7245624,23797688,Mazda,,Sedan,327.0,3.0,37702.0,168902.73
7251644,23797822,Dodge,Diesel,SUV,,6.0,,96724.0
7253163,23798680,,Diesel,Sedan,169.0,,82568.0,64645.46
7279953,23799580,,,SUV,179.0,,,70584.98
7282511,23800341,Ford,Diesel,SUV,,5.0,53823.0,
7288052,23800404,Mazda,Petrol,Sedan,,1.0,19605.0,
7298371,23800679,,,SUV,206.0,,54527.0,92262.81
7312074,23801413,Saab,Petrol,Minivan,,8.0,,85107.26
7319533,23801628,Suzuki,,Sedan,266.0,6.0,67175.0,119985.01
7323034,23802034,,,Sedan,,9.0,83154.0,173375.31
7324235,23802733,,Electric,Sedan,107.0,11.0,,
7334672,23807021,,Electric,Sedan,251.0,,63836.0,113448.46
7336675,23807876,GMC,Diesel,,443.0,5.0,56542.0,219427.5
7354774,23810457,Eagle,,Pickup Truck,314.0,4.0,47030.0,152952.45
7361681,23810633,,,Crossover,290.0,3.0,,144309.53
7379955,23811719,Maserati,Diesel,Hatchback,,,,35338.39
7383710,23811720,Chevrolet,Diesel,Sedan,331.0,,51614.0,159849.52
7383982,23811887,Maybach,Petrol,SUV,314.0,10.0,,
7394315,23812062,Jaguar,,Pickup Truck,,9.0,,132607.14
7395732,23812064,Chevrolet,Hybrid,Crossover,,5.0,55841.0,
7400353,23814048,Audi,,SUV,,,,112254.86
7409954,23814805,Lamborghini,Petrol,Sedan,228.0,5.0,52957.0,105353.59
7424927,23815190,Cadillac,Petrol,Coupe,,,104383.0,164274.35
7439182,23815888,,Petrol,Hatchback,,,112345.0,
7443391,23816174,Chevrolet,Electric,Pickup Truck,344.0,8.0,,151053.1
7450838,23816950,Dodge,Petrol,Coupe,166.0,5.0,51091.0,81684.65
7460667,23818041,Toyota,Electric,Hatchback,296.0,5.0,59002.0,133445.71
7462625,23818724,Ford,Diesel,Sports Car,469.0,7.0,,215668.73
7462947,23819088,Aston Martin,Diesel,,441.0,3.0,37803.0,
7466669,23820277,,Petrol,Crossover,268.0,,,
7470318,23820651,Volvo,,Sedan,,4.0,43180.0,155881.32
7474671,23821436,Dodge,,Sedan,307.0,8.0,82023.0,132154.31
7476961,23822562,Plymouth,,SUV,190.0,11.0,100802.0,79199.11
7478097,23823569,Pontiac,Hybrid,Crossover,229.0,9.0,87344.0,
7498439,23824285,,,,305.0,10.0,,131118.28
7500807,23824446,Mazda,,Sedan,86.0,4.0,,33568.49
7501354,23826971,,,Sedan,,6.0,59460.0,
7502699,23827179,Buick,Petrol,Coupe,345.0,,61433.0,163533.74
7506495,23827533,,Diesel,Minivan,157.0,8.0,79605.0,64522.87
7510486,23828622,Porsche,,,100.0,5.0,52143.0,41674.8
7516305,23828663,BMW,Diesel,Crossover,253.0,,92972.0,97562.63
7523207,23829673,Chrysler,,Sedan,118.0,13.0,,32484.19
7524227,23830202,Saab,,Hatchback,96.0,8.0,81392.0,28331.9
7536789,23831178,Kia,Diesel,SUV,,5.0,58589.0,148089.55
7545354,23832838,,Diesel,Sedan,322.0,4.0,47985.0,159117.48
7551460,23833065,Tesla,Petrol,,336.0,4.0,43459.0,
7553050,23833213,Kia,,,289.0,2.0,27760.0,
7566955,23835081,Lotus,Diesel,,212.0,6.0,62095.0,103487.74
7572415,23835473,,,Pickup Truck,331.0,6.0,61275.0,151217.33
7588470,23835792,Hyundai,Diesel,Coupe,261.0,10.0,90996.0,119008.78
7589049,23836652,Lotus,Diesel,Crossover,185.0,,53873.0,79522.34
7598707,23836782,Land Rover,,Crossover,,,63638.0,
7599806,23837575,Cadillac,,Hatchback,264.0,7.0,75122.0,116827.89
7603656,23837653,Dodge,,SUV,202.0,8.0,81105.0,84138.72
7627743,23838636,Ford,Diesel,SUV,,9.0,87687.0,54908.66
7650736,23838729,GMC,,Crossover,281.0,7.0,72437.0,
7651460,23840244,Mercedes-Benz,Electric,SUV,,3.0,,107958.58
7653278,23841245,Lexus,Electric,,91.0,8.0,78486.0,31005.24
7657295,23841543,Infiniti,,,181.0,,52270.0,83918.15
7658488,23842286,Ford,Diesel,,,11.0,102169.0,
7659080,23846520,Acura,Diesel,SUV,305.0,7.0,67931.0,146404.73
7661945,23847317,,Petrol,Crossover,239.0,7.0,73905.0,
7664730,23849001,BMW,Electric,,184.0,19.0,141830.0,58382.59
7682193,23850215,Volvo,Electric,SUV,181.0,9.0,88127.0,76449.87
7686124,23852624,Toyota,,SUV,,8.0,77982.0,165175.09
7702906,23852821,Suzuki,Diesel,,341.0,,64060.0,158368.04
7703717,23855339,Toyota,Petrol,,244.0,3.0,,117645.64
7718771,23855457,,Electric,Pickup Truck,338.0,6.0,,162047.82
7727842,23855791,Volkswagen,Electric,,128.0,,47908.0,52840.0
7728527,23856131,Mercedes-Benz,Diesel,,89.0,13.0,114715.0,15817.7
7733523,23859098,Honda,,Crossover,267.0,8.0,77982.0,119873.73
7738200,23859752,,Diesel,Pickup Truck,,11.0,101102.0,
7749331,23860252,,Electric,Sedan,179.0,5.0,53219.0,
7755609,23861015,Toyota,Hybrid,Hatchback,169.0,4.0,49036.0,75392.55
7763250,23861889,Ford,Diesel,,,9.0,84779.0,145835.64
7780756,23862244,,Hybrid,SUV,143.0,4.0,47086.0,75498.3
7786776,23864505,Toyota,,Crossover,195.0,,56800.0,89935.19
7793908,23864565,,Hybrid,,180.0,14.0,,61403.26
7796173,23864638,,Electric,Crossover,,,57690.0,149913.66
7799838,23867091,,,Sedan,105.0,3.0,36657.0,46273.58
7803500,23870153,Maybach,Diesel,,399.0,,30823.0,
7809401,23871043,,Diesel,Hatchback,,,34378.0,77819.22
7829481,23871385,,Petrol,,271.0,,103195.0,99008.04
7843897,23872028,GMC,,,234.0,,54543.0,102313.68
7861955,23872809,Jeep,Petrol,,245.0,18.0,140947.0,
7874662,23873002,,Petrol,Hatchback,197.0,,111120.0,65763.97
7883942,23874472,Mercedes-Benz,,Hatchback,229.0,15.0,125093.0,79151.5
7898850,23875388,Nissan,,,,10.0,95977.0,63914.38
7899663,23875837,Mitsubishi,Hybrid,,257.0,,83704.0,
7910188,23875983,Ford,,Sedan,,4.0,48556.0,169855.87
7916860,23877138,Dodge,Diesel,Crossover,,,,124028.72
7924728,23877293,Toyota,,Crossover,,9.0,86534.0,132571.73
7925203,23877449,Plymouth,,,245.0,10.0,94061.0,107446.62
7931583,23878365,,Petrol,Sports Car,370.0,3.0,42132.0,180683.51
7935506,23881590,Nissan,Diesel,Crossover,212.0,6.0,62924.0,
7954823,23882604,Chevrolet,Petrol,SUV,321.0,6.0,65707.0,
7962034,23882621,,Diesel,Crossover,,,64585.0,95695.08
7984805,23883504,Lexus,,,260.0,4.0,44444.0,119041.13
7985760,23885039,Ford,Electric,Sedan,,14.0,120728.0,
7993302,23885574,Lotus,Diesel,SUV,,,61804.0,147439.35
8009535,23885919,,Hybrid,Pickup Truck,329.0,4.0,,151376.04
8012208,23887954,Audi,Petrol,,300.0,15.0,121690.0,
8012773,23889289,,Hybrid,Crossover,,13.0,111293.0,54385.9
8015237,23889970,Mitsubishi,,Sedan,354.0,7.0,,159906.37
8024822,23890124,,Petrol,Sedan,197.0,2.0,30883.0,
8025002,23892095,Saab,,,176.0,5.0,56354.0,74146.83
8031112,23893857,GMC,Petrol,Sedan,,2.0,,178860.57
8031471,23893863,,Electric,Coupe,,8.0,81443.0,
8040706,23894511,GMC,,Sedan,,5.0,55065.0,156813.92
8057855,23894632,Nissan,Diesel,Sedan,,6.0,,
8068539,23894648,Pontiac,Petrol,Sedan,266.0,14.0,118253.0,105134.11
8099000,23894980,Volkswagen,Diesel,Hatchback,257.0,,,
8106605,23895366,,Electric,Crossover,,,79933.0,81566.01
8117565,23895976,,Diesel,Coupe,135.0,9.0,88584.0,
8123336,23896129,,,Hatchback,128.0,11.0,102320.0,40985.69
8124506,23897305,Chevrolet,Petrol,Sedan,192.0,6.0,65066.0,82850.58
8125375,23897314,Ford,,Pickup Truck,376.0,6.0,62367.0,
8146430,23898992,Volvo,,Sedan,,6.0,61846.0,84944.11
8148203,23900721,,Petrol,,,,,43956.93
8152353,23901123,Ford,Electric,Hatchback,,13.0,,39826.86
8163199,23901443,,Hybrid,SUV,266.0,6.0,,123549.68
8173894,23901841,,,,105.0,1.0,21443.0,
8191398,23901873,Chrysler,,Crossover,307.0,,91904.0,130090.12
8194310,23902505,Audi,,Sedan,342.0,7.0,69555.0,
8197576,23902559,Chevrolet,Petrol,Crossover,164.0,8.0,81264.0,69684.54
8203488,23903718,Nissan,Petrol,Crossover,,3.0,34494.0,142744.57
8215167,23904641,Mazda,,Crossover,275.0,5.0,,121362.92
8222190,23906617,Saab,Diesel,,141.0,9.0,,61035.1
8241432,23908848,,,Hatchback,223.0,3.0,39561.0,102812.08
8245841,23909544,Chevrolet,Petrol,,241.0,,80245.0,96132.05
8247320,23909778,Mercedes-Benz,Electric,Sedan,117.0,6.0,66522.0,58946.59
8262777,23909822,Mercedes-Benz,,Crossover,192.0,,50399.0,86311.15
8266443,23911926,Infiniti,Petrol,,,4.0,48626.0,94056.39
8273106,23912568,,Petrol,SUV,,,44441.0,
8296538,23912648,Hyundai,Electric,,,7.0,69002.0,131064.87
8301782,23912848,Fiat,,Crossover,188.0,,72060.0,
8302205,23914114,Oldsmobile,Diesel,Crossover,279.0,,58706.0,125070.56
8324235,23915445,BMW,Diesel,SUV,328.0,4.0,43016.0,167668.1
8327644,23916747,,Electric,Sedan,127.0,8.0,79344.0,44503.52
8336357,23917325,Shelby,Diesel,Sedan,233.0,,92203.0,90311.83
8336530,23919874,,,,,9.0,,98860.5
8346917,23922285,,Diesel,,331.0,16.0,126393.0,141567.2
8349064,23922432,,Diesel,SUV,204.0,6.0,63159.0,86400.41
8370817,23922465,Mercedes-Benz,Petrol,Crossover,242.0,,,
8371401,23922703,Isuzu,Petrol,Crossover,,5.0,,135491.67
8374135,23923780,Nissan,Petrol,Sedan,108.0,,48945.0,36532.71
8374665,23924738,Mazda,Diesel,,273.0,,70877.0,
8385064,23925051,Mercedes-Benz,Diesel,Pickup Truck,,,113707.0,162588.14
8385660,23926169,,,SUV,199.0,,60187.0,
8425058,23929643,,Petrol,,229.0,3.0,33786.0,110513.67
8425189,23930011,Dodge,Electric,Crossover,129.0,10.0,91943.0,46078.24
8444527,23930515,Jaguar,,Hatchback,269.0,,65359.0,121560.92
8445783,23931179,Mercury,Electric,Minivan,,8.0,75520.0,57270.21
8451855,23931205,Chrysler,Electric,Crossover,168.0,4.0,49795.0,82893.3
8457478,23932208,Dodge,Diesel,Sedan,,7.0,,97836.69
8466057,23932311,Audi,Electric,Coupe,158.0,3.0,,76609.29
8467660,23932651,Subaru,Diesel,SUV,345.0,14.0,121150.0,143730.63
8477144,23932662,,Electric,SUV,186.0,,,82756.69
8487204,23933445,Mercedes-Benz,Diesel,,329.0,7.0,69464.0,149706.15
8495850,23933845,Ford,,SUV,322.0,10.0,91060.0,139782.62
8502703,23935062,,Diesel,Crossover,,5.0,52318.0,58575.74
8506404,23938804,BMW,,,161.0,,95844.0,
8512815,23939157,,,Pickup Truck,266.0,5.0,59507.0,
8513196,23939318,,Electric,Sedan,295.0,5.0,57843.0,136296.38
8520841,23939758,,,Hatchback,82.0,4.0,,36390.08
8537955,23940000,Buick,Hybrid,Hatchback,208.0,8.0,78847.0,80870.7
8538541,23940319,Mercedes-Benz,Electric,Hatchback,,,68263.0,131890.28
8547576,23940604,Chrysler,Petrol,Sedan,226.0,12.0,107443.0,83939.12
8550241,23941436,Toyota,Diesel,SUV,,4.0,43465.0,162885.15
8550459,23941528,,Petrol,SUV,264.0,8.0,79311.0,124029.53
8576400,23941766,,Electric,Coupe,192.0,11.0,101003.0,69121.58
8577469,23943646,Lincoln,,,232.0,19.0,141401.0,
8584559,23943842,Ford,Petrol,Hatchback,196.0,7.0,,85401.35
8584567,23945658,Acura,,,396.0,5.0,59182.0,194175.1
8591235,23946763,,Petrol,Convertible,311.0,7.0,72105.0,
8596666,23946925,Cadillac,,Minivan,174.0,12.0,,76714.07
8599670,23948071,Buick,Petrol,SUV,111.0,12.0,,30993.01
8604674,23950187,Mitsubishi,,Crossover,197.0,,,
8607551,23950230,Chrysler,,Hatchback,103.0,12.0,,29030.59
8619391,23950762,Ford,,,318.0,,,153423.53
8620309,23951053,Dodge,Diesel,SUV,348.0,10.0,90675.0,
8629333,23951991,Chevrolet,,,206.0,8.0,82308.0,85137.05
8632332,23954951,Mercedes-Benz,Electric,,236.0,5.0,57931.0,103325.14
8647296,23955082,Subaru,,,174.0,4.0,46550.0,
8647792,23955943,Chevrolet,,SUV,,11.0,101504.0,179937.95
8664358,23956312,Cadillac,Diesel,Coupe,,13.0,111033.0,121506.19
8665464,23958363,,,Hatchback,290.0,8.0,78451.0,131525.25
8668967,23959488,Audi,Petrol,Hatchback,155.0,6.0,,
8671939,23960330,,Electric,Pickup Truck,436.0,3.0,,217420.97
8682532,23962251,Porsche,Electric,Sedan,226.0,11.0,,86247.53
8689602,23964365,Pontiac,Electric,Coupe,153.0,7.0,75210.0,73090.43
8692923,23965522,Mitsubishi,Diesel,Hatchback,,6.0,61363.0,38633.3
8702007,23966542,Honda,Petrol,SUV,326.0,10.0,,141145.94
8711326,23969072,,Petrol,Sedan,206.0,3.0,38022.0,
8712469,23969463,Mercedes-Benz,,Sedan,,4.0,45034.0,59931.03
8715333,23969603,,Petrol,SUV,153.0,5.0,51365.0,72689.98
8723480,23970126,,Petrol,SUV,119.0,8.0,81178.0,
8725135,23970197,Pontiac,Petrol,Sedan,117.0,7.0,72618.0,
8733492,23970404,Chevrolet,Electric,Sedan,,,85164.0,60419.12
8737175,23972180,Dodge,,Crossover,242.0,,98494.0,106685.48
8744926,23972798,Mazda,,Sedan,,9.0,,132044.69
8745547,23973146,Dodge,Diesel,,394.0,,122271.0,171650.54
8746008,23974699,Mercedes-Benz,Petrol,Sedan,380.0,11.0,,164617.58
8751499,23975351,Toyota,,,287.0,6.0,,136426.38
8758334,23975353,,Petrol,Crossover,271.0,,,127600.44
8760331,23976912,,Electric,Sedan,369.0,6.0,65689.0,179171.88
8775177,23978290,Lexus,Petrol,Minivan,289.0,,87001.0,
8782411,23978678,Volkswagen,Diesel,,128.0,5.0,56797.0,52870.06
8784213,23979549,,,Sedan,,,88122.0,167434.82
8797168,23981496,Volvo,Diesel,Hatchback,177.0,9.0,,66351.68
8815826,23982299,,,Hatchback,,,45901.0,59467.84
8817930,23982331,,Petrol,,146.0,11.0,97864.0,49119.2
8830727,23982696,Pontiac,Petrol,Hatchback,259.0,8.0,77668.0,115414.47
8837880,23983431,Subaru,Diesel,Coupe,331.0,14.0,120345.0,136025.35
8842091,23983824,Chevrolet,,,295.0,6.0,67236.0,132951.61
8843044,23983875,Ford,Electric,Sedan,,6.0,60207.0,
8846849,23985384,,Diesel,Crossover,260.0,4.0,,119695.14
8848382,23987063,BMW,,SUV,101.0,,43403.0,
8855017,23987443,Chevrolet,Electric,Minivan,200.0,10.0,93318.0,77369.08
8863342,23989546,Pontiac,,SUV,278.0,14.0,116320.0,
8880439,23990549,Ford,Diesel,,187.0,6.0,65050.0,88344.43
8893447,23992871,Lamborghini,Petrol,Sedan,268.0,6.0,63167.0,120969.7
8918007,23994433,Ford,,Sedan,190.0,7.0,69532.0,83773.25
8920857,23994838,Daewoo,Diesel,Sedan,361.0,11.0,,158781.54
8924296,23995715,Saab,Petrol,Sedan,260.0,4.0,46486.0,
8925476,23997172,Saab,Electric,Sedan,315.0,,74197.0,143866.67
8926141,23997997,Mercedes-Benz,Diesel,Pickup Truck,249.0,,,
8959118,23998120,Audi,Diesel,Hatchback,204.0,8.0,81003.0,87175.63
8959570,23998216,Nissan,Petrol,SUV,112.0,1.0,18559.0,
8982454,23998329,Nissan,Diesel,,258.0,9.0,,111106.01
8982766,23999118,,Petrol,,,8.0,81353.0,53267.93
8990633,23999348,,Petrol,Pickup Truck,,12.0,,
