Contract_ID,Customer_ID,Car_ID,Contract_length,Insurance_type,Cost_Per_Insurance_Type,Annual_premuim,Contract_Start_date
240100420,23000943,1006041,12.0,Collision Coverage,,,
240100634,23001436,1010352,18.0,Comprehensive Coverage,0.15,43571.58,2022-06-19
240101362,23002492,1024985,18.0,Liability Insurance,0.15,24753.54,2023-08-04
240105358,23002523,1027521,48.0,Liability Insurance,,,2020-12-12
240105555,23004010,1036649,60.0,,,76098.77,2023-01-20
240106847,23004998,1037024,60.0,Classic Car Insurance,0.02,9164.87,2023-04-17
240110148,23006262,1084529,60.0,Comprehensive Coverage,0.15,44987.12,
240111064,23006845,1086961,6.0,Collision Coverage,,18995.06,
240111956,23007509,1088407,12.0,Collision Coverage,0.25,31062.47,2020-09-18
240112045,23007524,1091239,,Liability Insurance,0.15,14265.52,2023-05-03
240112908,23009191,1093354,36.0,Liability Insurance,0.15,65742.05,2023-07-07
240114391,23011391,1096967,,,0.03,11353.26,2020-10-21
240116898,23016715,1102397,48.0,Personal Injury Protection (PIP),0.15,,2020-11-20
240118568,23018171,1114703,12.0,,,2131.36,
240119906,23019076,1123290,30.0,Collision Coverage,0.25,39332.82,2021-09-24
240120304,23020853,1130093,42.0,Liability Insurance,0.15,31876.46,2020-02-19
240121097,23021819,1134591,54.0,,0.15,116242.92,2021-01-22
240123926,23023821,1144131,30.0,Classic Car Insurance,0.02,,2020-06-14
240126150,23024127,1151039,54.0,Liability Insurance,0.15,115102.18,2020-08-15
240126553,23025179,1162078,,Comprehensive Coverage,0.15,52219.56,2021-10-01
240129573,23025809,1176211,6.0,Collision Coverage,0.25,4399.37,
240132997,23027320,1179440,30.0,Liability Insurance,0.15,,2021-04-11
240137356,23028719,1181299,42.0,Gap Insurance,,12262.52,2022-10-09
240137396,23030159,1193896,,Personal Injury Protection (PIP),0.15,34572.43,2022-11-28
240139046,23030447,1211367,54.0,,,49126.41,2022-10-06
240139299,23030758,1232774,,Comprehensive Coverage,0.15,118879.35,2021-05-19
240141202,23033269,1244285,12.0,Comprehensive Coverage,,15576.15,2023-06-14
240141966,23034645,1244984,30.0,Liability Insurance,0.15,38786.55,2020-02-14
240143045,23035220,1252537,,Collision Coverage,0.25,,2023-11-07
240143647,23035427,1253896,42.0,,,63209.66,2020-03-10
240144786,23036316,1276037,30.0,Uninsured/Underinsured Motorist,0.1,19510.74,
240148601,23036374,1292352,30.0,Liability Insurance,0.15,71352.63,2020-02-05
240148836,23037792,1294449,,,,18008.67,2022-03-21
240149133,23038861,1301412,24.0,,0.05,14256.05,2020-10-07
240149435,23040358,1306959,6.0,Comprehensive Coverage,0.15,7231.99,2021-11-08
240149449,23041276,1316454,12.0,Custom Parts and Equipment (CPE),0.03,,2023-02-12
240149583,23044764,1340778,,,0.15,41364.73,2021-03-12
240150867,23047093,1341049,42.0,Classic Car Insurance,0.02,8365.4,
240151658,23048512,1344394,60.0,Classic Car Insurance,0.02,17621.98,
240151976,23049522,1344493,18.0,Uninsured/Underinsured Motorist,0.1,21676.67,2023-05-18
240152825,23050245,1352211,60.0,Uninsured/Underinsured Motorist,0.1,55378.85,2020-06-19
240153032,23050518,1361250,,,0.15,12483.58,2023-01-02
240154495,23051170,1361645,,Gap Insurance,0.05,,2022-11-15
240155060,23052026,1361859,,,0.15,70117.29,
240155088,23053991,1368559,36.0,,0.15,102836.07,2022-01-18
240156826,23054621,1369344,54.0,Liability Insurance,0.15,65675.02,2021-09-06
240157066,23055282,1370088,30.0,Personal Injury Protection (PIP),0.15,,2020-09-13
240158364,23055553,1371102,,Liability Insurance,0.15,134031.12,2023-09-20
240158962,23057476,1389845,30.0,Liability Insurance,0.15,,2021-06-12
240159307,23060539,1397544,12.0,Gap Insurance,0.05,1283.97,2023-07-08
240159325,23061804,1404228,54.0,Liability Insurance,0.15,,2020-09-03
240159805,23061809,1409636,60.0,Uninsured/Underinsured Motorist,,82723.62,2020-03-05
240161159,23063541,1419700,18.0,Uninsured/Underinsured Motorist,0.1,8118.18,2022-04-10
240161368,23064303,1421117,,,0.15,19387.0,2021-07-07
240161994,23064309,1443807,54.0,Comprehensive Coverage,0.15,54511.35,2023-06-08
240163290,23064312,1445099,36.0,Classic Car Insurance,0.02,3842.43,2023-07-12
240163559,23071895,1451867,54.0,Uninsured/Underinsured Motorist,,71833.74,2021-08-13
240164299,23073424,1453215,,Liability Insurance,0.15,3862.1,2021-01-19
240164745,23073755,1482038,,Gap Insurance,0.05,1753.21,2022-02-01
240166349,23074509,1532083,24.0,Collision Coverage,,26771.93,
240166940,23074684,1538185,18.0,Liability Insurance,0.15,19828.31,2021-06-03
240170513,23075678,1560671,12.0,,0.02,3038.16,2020-01-15
240170669,23077113,1561568,54.0,Uninsured/Underinsured Motorist,0.1,41004.9,
240170963,23079696,1562110,60.0,Gap Insurance,,13401.97,2021-11-22
240173341,23081063,1564271,54.0,Gap Insurance,0.05,40960.24,2022-10-02
240175305,23083134,1564901,24.0,Classic Car Insurance,0.02,3961.41,
240176740,23085722,1567819,18.0,Liability Insurance,0.15,,2022-10-08
240176785,23086305,1572745,24.0,,0.03,5795.58,2021-08-28
240176796,23090618,1572950,30.0,Collision Coverage,0.25,,
240176887,23091435,1578155,48.0,,0.25,25128.32,2022-02-28
240177201,23092598,1582682,,Uninsured/Underinsured Motorist,0.1,31228.55,2022-02-12
240177738,23094015,1592120,6.0,Uninsured/Underinsured Motorist,0.1,,
240177792,23095113,1600122,,Comprehensive Coverage,,28504.88,2020-09-02
240178142,23096081,1648892,18.0,,0.25,54797.18,2022-03-21
240182950,23096620,1662215,18.0,Comprehensive Coverage,,,2022-01-26
240184457,23097136,1675725,60.0,Uninsured/Underinsured Motorist,0.1,40566.08,2020-08-28
240185829,23098401,1675894,54.0,Comprehensive Coverage,0.15,,2021-09-18
240186468,23098464,1678884,42.0,Collision Coverage,0.25,90938.44,2023-07-27
240186921,23098894,1681376,24.0,Comprehensive Coverage,0.15,,2020-04-18
240189439,23099438,1685299,30.0,Liability Insurance,0.15,36578.45,
240189631,23104304,1692015,,,0.15,29692.04,2023-10-12
240190872,23106042,1696476,12.0,Comprehensive Coverage,0.15,22640.31,2021-08-27
240191827,23106261,1702232,,Collision Coverage,0.25,19665.36,2020-05-13
240194932,23106268,1706663,12.0,,0.02,3255.47,
240195048,23106352,1710706,,Custom Parts and Equipment (CPE),0.03,18934.19,2023-07-11
240197897,23109346,1745877,60.0,Classic Car Insurance,0.02,11657.65,2023-06-15
240198181,23111274,1750558,,Liability Insurance,0.15,20181.63,2023-12-17
240201116,23111945,1751692,,,0.03,11443.64,
240202007,23112088,1752050,30.0,,0.05,10163.27,2020-02-08
240203542,23114774,1755097,24.0,Classic Car Insurance,,3847.56,2021-05-02
240203617,23115079,1763678,18.0,Collision Coverage,0.25,,
240203812,23115842,1764792,,,0.25,104129.52,2020-06-08
240205012,23116250,1771197,54.0,Custom Parts and Equipment (CPE),0.03,28454.18,2021-06-09
240205513,23117012,1775498,12.0,,,2301.66,2022-12-19
240206265,23118581,1777584,,Collision Coverage,,69733.83,2020-02-15
240207991,23122115,1781596,,Uninsured/Underinsured Motorist,0.1,61923.29,
240208661,23122772,1793618,54.0,Uninsured/Underinsured Motorist,,12521.22,2021-07-25
240209425,23122828,1798425,36.0,Comprehensive Coverage,0.15,75398.65,2022-04-06
240209785,23123960,1803663,,Collision Coverage,0.25,39468.09,2020-04-15
240210311,23124673,1817322,,Liability Insurance,0.15,,2020-08-05
240210527,23126513,1817823,24.0,Uninsured/Underinsured Motorist,0.1,,
240212261,23128760,1820346,42.0,Liability Insurance,0.15,27909.76,
240213665,23130581,1821173,12.0,Collision Coverage,,30495.68,2023-07-14
240213762,23130959,1827027,54.0,Liability Insurance,0.15,49323.49,2023-06-10
240215231,23132411,1856338,24.0,Liability Insurance,,23727.62,2021-12-25
240221207,23134908,1868319,60.0,Collision Coverage,0.25,135476.92,
240222017,23135041,1915870,12.0,,,7362.83,2023-09-13
240223267,23135586,1923432,36.0,Comprehensive Coverage,,11407.4,2023-03-19
240225459,23137196,1939149,36.0,Uninsured/Underinsured Motorist,0.1,20125.62,2020-10-22
240226529,23137535,1949859,60.0,Liability Insurance,0.15,,2021-03-17
240228441,23138411,1952217,,Uninsured/Underinsured Motorist,0.1,49834.68,
240229445,23142229,1956787,54.0,,0.15,124161.46,2023-03-12
240230825,23142589,1963676,60.0,Gap Insurance,,15821.46,2020-09-16
240231744,23142702,1971423,12.0,Personal Injury Protection (PIP),0.15,27893.28,2022-05-14
240232116,23143130,1985883,12.0,,0.25,,2022-12-14
240232607,23144350,1999703,,Uninsured/Underinsured Motorist,,,2020-08-27
240233750,23144436,2007685,12.0,Custom Parts and Equipment (CPE),0.03,,
240236586,23144438,2021150,,Personal Injury Protection (PIP),0.15,79119.24,2022-06-03
240236894,23148678,2024916,18.0,Personal Injury Protection (PIP),0.15,35676.6,
240237170,23150177,2030388,,Comprehensive Coverage,0.15,,2022-10-20
240238892,23151342,2038298,54.0,,0.15,,
240238938,23151538,2039343,,Uninsured/Underinsured Motorist,0.1,31620.04,2023-12-09
240240302,23151925,2043548,6.0,Uninsured/Underinsured Motorist,0.1,6794.85,2020-03-11
240240579,23152784,2048169,,Gap Insurance,0.05,8869.54,
240245409,23153014,2049931,12.0,Liability Insurance,0.15,21105.56,2021-04-01
240250131,23153151,2060378,30.0,Collision Coverage,0.25,,2020-04-09
240252496,23154265,2061265,6.0,Comprehensive Coverage,,3951.86,2022-03-04
240252563,23154827,2139450,6.0,Personal Injury Protection (PIP),0.15,12078.92,
240253499,23155503,2156929,,Liability Insurance,,29457.0,
240253776,23156266,2160756,6.0,,0.25,15394.2,2021-09-03
240254823,23157093,2173735,,Personal Injury Protection (PIP),0.15,20306.03,2023-05-12
240255608,23157762,2174418,,Classic Car Insurance,0.02,4565.86,2020-11-20
240258724,23157930,2176308,36.0,Liability Insurance,,60278.25,2023-02-09
240259148,23158902,2186528,54.0,Uninsured/Underinsured Motorist,0.1,,2022-11-24
240260976,23159334,2186999,36.0,Liability Insurance,,11824.17,
240261471,23159978,2188634,24.0,Collision Coverage,,,
240265252,23161856,2196715,24.0,,0.05,10413.5,2022-06-28
240265260,23163205,2200347,54.0,Uninsured/Underinsured Motorist,,19288.91,2022-04-08
240265379,23164088,2205097,18.0,,0.02,,2022-02-03
240267110,23164404,2216005,,,0.05,7057.6,2020-07-19
240267806,23167711,2218626,48.0,Liability Insurance,0.15,49721.27,2021-11-05
240268353,23168313,2231311,54.0,Uninsured/Underinsured Motorist,0.1,42241.54,2022-07-03
240269032,23169591,2231573,36.0,Liability Insurance,0.15,70439.78,2023-04-05
240269994,23169906,2254002,,Uninsured/Underinsured Motorist,0.1,4451.39,
240273546,23170241,2256596,30.0,Personal Injury Protection (PIP),0.15,46135.47,
240273914,23171629,2260569,36.0,Collision Coverage,0.25,121452.88,
240276420,23171631,2264274,36.0,,0.15,,2021-02-13
240276777,23171723,2272737,,,0.15,45754.8,2021-12-01
240277626,23172181,2282136,,,,42703.84,2023-01-23
240277743,23172685,2285714,,Personal Injury Protection (PIP),,37142.49,2020-05-15
240278361,23172720,2293355,42.0,Collision Coverage,0.25,103137.11,
240278443,23174324,2300650,,Collision Coverage,0.25,48840.77,
240283552,23174336,2301150,,,0.03,7383.3,2023-01-26
240284190,23174519,2304885,18.0,Liability Insurance,,,2021-02-16
240284293,23175356,2308470,48.0,Personal Injury Protection (PIP),0.15,19007.94,
240285705,23176086,2316769,18.0,Comprehensive Coverage,0.15,,
240286150,23177114,2316841,36.0,Comprehensive Coverage,0.15,67800.13,2022-11-22
240286522,23179541,2318653,12.0,Liability Insurance,0.15,,
240286551,23180369,2326466,48.0,Collision Coverage,0.25,130802.76,
240288049,23182791,2330828,24.0,Liability Insurance,0.15,47507.64,2020-07-26
240291576,23183185,2335018,30.0,,0.25,47461.02,2021-11-27
240292314,23183472,2348220,18.0,Liability Insurance,0.15,20476.85,2021-11-02
240293508,23184116,2367837,54.0,Liability Insurance,0.15,,2020-05-27
240293752,23184486,2377373,48.0,Personal Injury Protection (PIP),,81052.71,2020-12-12
240293759,23185824,2380854,42.0,,0.25,,2023-06-19
240294654,23186866,2382401,42.0,Personal Injury Protection (PIP),0.15,47699.21,2023-02-25
240294973,23187704,2385771,24.0,,,31097.84,2022-03-01
240295417,23189464,2398371,54.0,Personal Injury Protection (PIP),0.15,,
240298114,23189917,2408967,18.0,,0.15,28433.26,2022-06-26
240298562,23190409,2414377,,Comprehensive Coverage,,147935.97,2022-05-23
240299142,23190466,2426992,36.0,Personal Injury Protection (PIP),0.15,,2023-12-09
240299211,23195575,2466322,24.0,Liability Insurance,0.15,,2022-02-12
240299241,23198724,2466984,24.0,Comprehensive Coverage,0.15,,2022-09-13
240299432,23199577,2484365,30.0,Comprehensive Coverage,,63834.17,2022-01-25
240299677,23200083,2485945,,,0.25,,2020-04-09
240299927,23200103,2486546,30.0,Personal Injury Protection (PIP),0.15,56786.52,2022-01-02
240300404,23200900,2489437,42.0,,0.1,21586.4,2020-10-22
240301554,23200939,2502169,,Liability Insurance,0.15,,2023-12-23
240302196,23201283,2508933,36.0,Liability Insurance,0.15,,2023-11-15
240302362,23204125,2517387,6.0,Collision Coverage,0.25,,2021-10-04
240304296,23205760,2518929,,Comprehensive Coverage,0.15,,
240306558,23206339,2519019,36.0,Liability Insurance,0.15,33592.91,
240310586,23207557,2523793,,Uninsured/Underinsured Motorist,0.1,62587.0,2023-10-08
240313070,23210244,2531017,,Uninsured/Underinsured Motorist,0.1,11106.16,2020-05-24
240314401,23211229,2533381,,Uninsured/Underinsured Motorist,0.1,23924.89,2023-05-05
240314693,23212149,2543808,54.0,Liability Insurance,,59532.79,2020-04-23
240314703,23212908,2555451,6.0,Collision Coverage,0.25,12595.53,2020-09-17
240315415,23213470,2565556,36.0,Gap Insurance,0.05,20908.36,2020-02-10
240315937,23214887,2568502,48.0,Collision Coverage,0.25,179968.26,
240316560,23215489,2570245,6.0,,0.05,2349.08,2023-01-16
240318325,23215601,2585262,48.0,Uninsured/Underinsured Motorist,0.1,48913.85,
240319433,23216657,2588451,48.0,,0.15,85547.27,2020-02-23
240319460,23217105,2592314,,Collision Coverage,0.25,17157.71,2022-10-22
240320045,23217611,2597547,18.0,Custom Parts and Equipment (CPE),0.03,5405.11,
240320947,23217776,2611722,24.0,Collision Coverage,0.25,36120.04,2022-03-08
240320990,23219524,2627563,18.0,,0.05,3235.67,2020-02-12
240322165,23220709,2671196,12.0,Classic Car Insurance,0.02,2722.47,2022-09-05
240322178,23221503,2677576,,,,,
240324062,23221516,2681765,18.0,Comprehensive Coverage,0.15,28918.26,2022-01-09
240327168,23222134,2685894,18.0,,0.03,,2022-12-11
240327853,23223371,2689827,18.0,Collision Coverage,0.25,35333.04,
240328983,23226444,2703666,,,,3481.0,2023-07-05
240329505,23226475,2717605,60.0,Gap Insurance,0.05,28300.53,2021-07-07
240330731,23228466,2718527,,Liability Insurance,0.15,17811.06,2021-01-06
240331693,23232298,2720129,48.0,Collision Coverage,0.25,150336.0,2022-02-28
240333703,23232458,2733111,60.0,Personal Injury Protection (PIP),,133869.12,2021-06-24
240334064,23232487,2733659,18.0,Liability Insurance,0.15,19349.35,
240334359,23233701,2736099,48.0,,0.25,72714.12,2022-02-27
240338185,23235006,2739117,60.0,Liability Insurance,0.15,,
240338520,23235335,2753832,,,,69038.05,
240339413,23235450,2756385,6.0,Collision Coverage,0.25,,2023-09-12
240339734,23235749,2757495,42.0,Collision Coverage,0.25,51565.34,2023-03-03
240340616,23236230,2758735,12.0,,0.15,24600.58,2023-09-25
240341109,23236804,2759417,18.0,Comprehensive Coverage,,16992.4,
240341878,23236869,2779852,36.0,Gap Insurance,0.05,3808.54,
240341991,23238352,2811696,54.0,Gap Insurance,0.05,31101.68,2021-02-24
240342380,23239763,2833665,18.0,,0.25,16590.41,
240343785,23239933,2834869,36.0,,0.15,,2020-03-10
240345271,23240236,2839576,60.0,Comprehensive Coverage,,102196.98,2021-07-14
240345374,23240325,2856130,12.0,,0.15,,2020-02-17
240345383,23240403,2860047,18.0,Custom Parts and Equipment (CPE),,3403.82,2020-02-07
240345787,23240851,2866140,48.0,,0.05,,2022-04-03
240346182,23240972,2867226,60.0,Collision Coverage,0.25,66307.94,
240347872,23241579,2867799,60.0,Collision Coverage,,225591.25,2022-11-12
240348400,23242105,2870612,12.0,Liability Insurance,0.15,11045.3,2020-04-28
240348932,23243023,2876117,60.0,Gap Insurance,,,
240350424,23245937,2876638,,Personal Injury Protection (PIP),,45379.7,2020-07-01
240352005,23246721,2885541,,,0.05,20497.92,2020-08-07
240352818,23247957,2888625,,Gap Insurance,,3074.12,
240353413,23248175,2907954,18.0,Collision Coverage,0.25,,2022-01-18
240355133,23248638,2915692,30.0,Uninsured/Underinsured Motorist,0.1,37997.52,
240361065,23248642,2916006,54.0,Gap Insurance,0.05,30352.61,2023-10-13
240361270,23251297,2949490,18.0,,0.02,1792.69,2020-03-18
240364673,23251972,2950742,54.0,Personal Injury Protection (PIP),0.15,95034.2,2022-05-27
240366638,23255732,2953506,18.0,,0.25,,2021-06-13
240370285,23255881,2958458,60.0,Classic Car Insurance,0.02,11818.06,
240371896,23256287,2962791,24.0,Collision Coverage,0.25,33086.07,
240372767,23256877,2966454,54.0,Liability Insurance,,,2021-09-17
240373888,23257322,2984563,48.0,Gap Insurance,0.05,,
240374092,23258695,2987288,42.0,Classic Car Insurance,0.02,6521.6,2020-07-21
240375401,23260625,2989663,60.0,Comprehensive Coverage,0.15,63736.18,2021-04-14
240375618,23262154,2995100,48.0,Liability Insurance,0.15,103374.93,2022-09-09
240376736,23262480,3000895,36.0,Collision Coverage,0.25,,2020-03-27
240377491,23263153,3001736,42.0,Uninsured/Underinsured Motorist,0.1,,2020-07-09
240377961,23264915,3003490,,Comprehensive Coverage,0.15,22310.87,2022-08-19
240378092,23265723,3020351,36.0,Comprehensive Coverage,,38599.61,2020-05-05
240379356,23266633,3032485,30.0,Comprehensive Coverage,,,2022-05-25
240380838,23266649,3033276,60.0,Comprehensive Coverage,0.15,63929.06,2023-11-23
240383361,23266998,3040136,,Comprehensive Coverage,,3447.93,2020-08-07
240383881,23267170,3047595,60.0,Custom Parts and Equipment (CPE),0.03,12930.94,2023-11-02
240384811,23267455,3048703,48.0,Liability Insurance,0.15,,
240385362,23268303,3049455,6.0,Collision Coverage,0.25,15691.66,2021-02-08
240385785,23269478,3052417,24.0,Liability Insurance,0.15,21752.06,2023-08-07
240386608,23269661,3062792,48.0,Personal Injury Protection (PIP),0.15,75757.3,2020-07-10
240387650,23270518,3065630,18.0,,0.15,25342.65,2022-01-27
240390493,23270762,3090479,42.0,Comprehensive Coverage,0.15,37754.18,
240391283,23272130,3091991,,,,17198.51,2023-10-13
240392288,23272487,3095874,,Uninsured/Underinsured Motorist,0.1,18246.0,2020-12-21
240393034,23272930,3096853,54.0,Liability Insurance,0.15,,
240393048,23274084,3107064,24.0,Liability Insurance,,39847.99,2023-01-08
240393205,23274524,3128999,,Liability Insurance,0.15,25971.79,2020-05-10
240394534,23275028,3130471,6.0,Uninsured/Underinsured Motorist,0.1,3307.84,2023-05-11
240395246,23275580,3135569,36.0,Personal Injury Protection (PIP),0.15,57102.81,
240395390,23276331,3156073,42.0,Comprehensive Coverage,0.15,86998.18,2022-09-24
240397111,23276737,3159060,6.0,Personal Injury Protection (PIP),0.15,9850.94,
240398392,23277936,3162249,,Personal Injury Protection (PIP),,54520.67,2020-06-20
240401251,23278004,3162326,42.0,Collision Coverage,0.25,88338.58,
240403051,23278589,3166105,54.0,Collision Coverage,0.25,38582.94,2022-11-14
240403070,23278599,3166431,24.0,Uninsured/Underinsured Motorist,0.1,25145.93,2020-07-18
240405182,23279010,3172468,,Personal Injury Protection (PIP),0.15,55743.34,2023-10-02
240405636,23281890,3177503,18.0,Collision Coverage,0.25,27201.21,2022-08-22
240407227,23281953,3178622,12.0,Liability Insurance,0.15,21839.3,2020-06-14
240409137,23282221,3184540,18.0,Collision Coverage,0.25,62636.43,
240409374,23283139,3200320,,,0.15,20552.38,2020-03-16
240412169,23283214,3203605,60.0,,,,2023-06-13
240414111,23284482,3214665,,Collision Coverage,0.25,46098.41,2023-12-03
240414460,23285672,3222999,24.0,,0.02,2450.73,2021-09-24
240415089,23285704,3239195,,Liability Insurance,0.15,16923.64,2020-03-13
240416161,23287025,3240282,18.0,Collision Coverage,0.25,44604.88,2023-06-18
240417640,23287830,3240317,48.0,Collision Coverage,0.25,146071.26,2020-01-16
240419608,23288242,3258374,,Collision Coverage,,114007.23,2022-05-15
240420735,23288679,3289819,18.0,,0.25,,2022-09-11
240421386,23290110,3294499,54.0,,,73507.91,2021-12-25
240424209,23290219,3303002,54.0,Comprehensive Coverage,0.15,102703.6,2021-06-01
240425060,23290287,3330390,54.0,,,,2020-01-16
240425669,23290797,3342844,18.0,Classic Car Insurance,0.02,,2020-07-20
240426799,23292759,3353807,,Gap Insurance,0.05,3268.24,2023-06-02
240427236,23294622,3356671,48.0,,0.15,89581.27,2022-11-13
240428609,23299526,3357551,,Classic Car Insurance,0.02,,
240429474,23300068,3364355,48.0,,0.25,,2023-09-12
240430475,23301874,3365219,6.0,,0.15,,
240430867,23302211,3372809,,,0.15,109459.74,2021-09-03
240431615,23302890,3386452,,Custom Parts and Equipment (CPE),,5931.63,2021-08-18
240432043,23304645,3407332,18.0,Comprehensive Coverage,0.15,,2021-05-12
240433053,23304899,3422006,6.0,Uninsured/Underinsured Motorist,0.1,7206.92,2020-04-02
240438162,23307400,3424831,36.0,Personal Injury Protection (PIP),0.15,45562.49,2023-05-24
240438257,23307654,3426242,,Comprehensive Coverage,0.15,7954.93,
240438822,23309103,3456372,42.0,,0.05,32691.76,
240439165,23309518,3495038,30.0,Classic Car Insurance,0.02,8220.2,2021-07-25
240440617,23310622,3495737,48.0,Personal Injury Protection (PIP),0.15,117148.16,2020-05-14
240441163,23310790,3498920,60.0,Liability Insurance,,122281.62,2022-06-22
240441543,23312719,3502900,36.0,Liability Insurance,0.15,,2023-06-11
240442024,23313053,3509278,30.0,Personal Injury Protection (PIP),0.15,45015.8,2023-05-23
240443553,23313203,3526484,6.0,Personal Injury Protection (PIP),0.15,6232.32,2023-04-15
240443791,23315749,3546284,42.0,Collision Coverage,0.25,,2021-06-08
240443871,23317865,3569737,,Classic Car Insurance,,2401.29,2022-06-19
240443987,23318440,3577267,48.0,Gap Insurance,0.05,,2020-06-27
240445412,23318459,3580959,,,0.25,24952.9,2021-01-20
240445685,23318966,3592154,60.0,Collision Coverage,0.25,105289.32,2021-07-20
240445942,23319013,3607880,54.0,Custom Parts and Equipment (CPE),,22468.31,2023-08-18
240448292,23319078,3608620,60.0,Gap Insurance,0.05,46501.16,2020-07-05
240448698,23320476,3611524,42.0,Liability Insurance,0.15,43096.37,2021-09-14
240458165,23320805,3613303,60.0,Collision Coverage,0.25,124457.91,2022-10-23
240458548,23321961,3615083,48.0,Gap Insurance,0.05,,2022-10-23
240459062,23322085,3615422,,,0.15,6725.36,2021-09-06
240459575,23322816,3621849,6.0,Gap Insurance,0.05,3828.36,2023-06-06
240460766,23326464,3623481,42.0,Liability Insurance,0.15,95474.04,
240461393,23326576,3631590,54.0,Collision Coverage,0.25,28236.64,2023-05-14
240461906,23328066,3634457,18.0,Collision Coverage,0.25,42092.73,
240462030,23328195,3634548,48.0,Comprehensive Coverage,0.15,123947.17,2021-04-10
240462747,23328967,3638330,24.0,Comprehensive Coverage,0.15,13944.3,2022-03-19
240463003,23329934,3649596,,Liability Insurance,0.15,,2020-06-19
240464594,23331597,3653474,6.0,,0.05,2565.19,2022-03-28
240465255,23331861,3653708,,,,81706.06,
240466673,23333947,3660313,,,,9780.66,2022-10-26
240467931,23335127,3672265,6.0,Personal Injury Protection (PIP),0.15,,2020-02-14
240471206,23335144,3693275,,,0.1,75242.06,2023-09-18
240471269,23335422,3696927,12.0,Collision Coverage,,45072.96,2020-01-26
240471606,23336331,3698289,,Uninsured/Underinsured Motorist,0.1,5691.15,2022-08-10
240472196,23336824,3703166,6.0,,0.15,,2021-02-22
240474352,23337128,3704191,48.0,Liability Insurance,0.15,93940.08,2021-12-16
240474939,23339851,3711682,60.0,Classic Car Insurance,0.02,14406.95,
240475009,23340938,3732943,60.0,Liability Insurance,0.15,,
240475031,23341621,3740247,30.0,Collision Coverage,0.25,40411.05,2021-10-22
240475497,23343949,3747059,36.0,Uninsured/Underinsured Motorist,0.1,,2021-05-19
240475904,23346067,3748892,,Collision Coverage,0.25,42444.2,2020-12-06
240476850,23346621,3759214,48.0,Collision Coverage,,52899.54,2020-10-21
240477583,23349491,3777479,12.0,Liability Insurance,0.15,,2020-02-17
240478927,23350881,3798476,54.0,Gap Insurance,0.05,31139.19,2021-05-28
240479423,23350949,3799255,48.0,Liability Insurance,,98142.56,2023-08-17
240480275,23351563,3802256,60.0,,0.02,4648.25,2020-11-04
240480918,23351578,3834175,24.0,,0.25,35147.42,
240481211,23352425,3861011,36.0,Collision Coverage,0.25,68155.83,2023-08-03
240482303,23354100,3861101,36.0,Collision Coverage,,94701.38,2020-08-26
240482861,23355969,3868791,6.0,Personal Injury Protection (PIP),0.15,,2021-08-07
240484668,23356743,3887486,48.0,Gap Insurance,0.05,,
240486087,23357236,3893184,6.0,Uninsured/Underinsured Motorist,0.1,,
240490805,23358571,3894325,6.0,,,6723.56,2023-07-03
240491195,23358598,3902818,12.0,,0.15,27273.92,
240491373,23358804,3905243,18.0,,0.15,37646.28,2021-09-02
240491823,23359750,3914221,24.0,Liability Insurance,0.15,,2020-08-17
240492157,23360406,3918874,60.0,Collision Coverage,0.25,150846.64,2023-04-23
240492301,23361631,3921029,60.0,Classic Car Insurance,0.02,14514.92,
240493746,23361897,3923964,30.0,Gap Insurance,,19782.62,2020-12-04
240495743,23362058,3928087,12.0,Collision Coverage,,22114.46,2021-11-23
240495778,23362087,3929732,36.0,Classic Car Insurance,,1634.55,2023-07-04
240497161,23362919,3930220,6.0,Liability Insurance,0.15,13314.52,2020-07-18
240498516,23363556,3948881,24.0,,,6023.43,2023-01-26
240499645,23364097,3962847,60.0,Gap Insurance,0.05,34035.28,2023-08-02
240501800,23364264,3975058,,Comprehensive Coverage,0.15,20677.43,2022-11-13
240502879,23365380,3975450,6.0,Comprehensive Coverage,,8796.65,2022-08-08
240505202,23365548,3975587,36.0,Comprehensive Coverage,0.15,35686.7,2023-09-20
240506011,23370150,3984204,48.0,Classic Car Insurance,0.02,11273.56,2021-11-03
240506966,23370978,3994459,48.0,Comprehensive Coverage,0.15,102247.15,2023-08-21
240507331,23371403,4001927,30.0,Comprehensive Coverage,0.15,56587.62,2020-12-06
240507700,23371836,4002913,24.0,Liability Insurance,,32297.03,
240508611,23371979,4005052,36.0,Classic Car Insurance,0.02,6515.35,
240509643,23372777,4007306,60.0,Liability Insurance,0.15,139439.2,
240510728,23373638,4009301,,,0.25,141957.25,2020-11-09
240510940,23375251,4009864,54.0,Classic Car Insurance,,2784.64,2023-03-14
240511040,23375509,4010564,,Uninsured/Underinsured Motorist,0.1,47146.8,
240514553,23376606,4023238,,Liability Insurance,,21722.09,2020-09-12
240517878,23376622,4033058,12.0,Comprehensive Coverage,0.15,,2021-05-07
240517957,23379241,4037217,,,0.15,20462.35,2022-04-21
240518274,23379626,4037666,36.0,Collision Coverage,,102250.86,
240518636,23380248,4044924,30.0,Uninsured/Underinsured Motorist,,31693.32,2021-12-21
240519160,23380553,4060939,30.0,,,28276.79,2021-06-13
240519814,23380747,4063450,,Collision Coverage,0.25,32865.71,2021-01-21
240521527,23381848,4067704,6.0,Liability Insurance,0.15,,2023-01-11
240521853,23382001,4071609,24.0,Uninsured/Underinsured Motorist,0.1,,2023-06-02
240524319,23382250,4086458,36.0,Classic Car Insurance,0.02,,
240524643,23383511,4089305,36.0,,0.15,19942.95,2022-11-27
240524681,23383650,4092366,42.0,Uninsured/Underinsured Motorist,0.1,37514.89,
240525647,23384139,4095161,,Comprehensive Coverage,0.15,26633.22,2020-12-15
240525968,23385641,4138629,42.0,Uninsured/Underinsured Motorist,0.1,61837.68,
240526944,23387887,4142781,54.0,Personal Injury Protection (PIP),0.15,,
240527293,23389875,4149031,12.0,Uninsured/Underinsured Motorist,0.1,10187.2,2020-02-15
240527863,23393161,4150667,,Uninsured/Underinsured Motorist,0.1,,2020-06-21
240529268,23393574,4163336,,Comprehensive Coverage,0.15,71464.5,2022-10-02
240532040,23393863,4163639,36.0,Comprehensive Coverage,0.15,,
240532323,23394828,4172940,24.0,Liability Insurance,0.15,36712.66,2020-01-02
240532521,23396195,4189482,18.0,Classic Car Insurance,,5162.82,2021-12-28
240534300,23396323,4217643,12.0,Collision Coverage,,,2020-10-21
240534512,23399007,4227872,18.0,,0.15,19350.93,2021-02-13
240535243,23399957,4227959,12.0,,,39562.47,
240535248,23402456,4229176,60.0,Liability Insurance,0.15,33547.95,2021-08-03
240539057,23402982,4242658,,Custom Parts and Equipment (CPE),0.03,,
240539304,23405235,4247597,48.0,Collision Coverage,0.25,160280.35,2023-11-13
240542509,23406624,4271912,,Liability Insurance,0.15,145885.12,2022-07-08
240543975,23406686,4280325,48.0,Liability Insurance,0.15,32630.08,2021-07-16
240545960,23410215,4295414,36.0,Liability Insurance,,,2021-03-13
240546489,23412039,4304121,36.0,Personal Injury Protection (PIP),,42051.05,2020-07-25
240548079,23413112,4313320,48.0,Uninsured/Underinsured Motorist,0.1,63454.46,2020-03-26
240549205,23414339,4322561,30.0,Uninsured/Underinsured Motorist,0.1,26625.34,
240549401,23416817,4322596,30.0,Comprehensive Coverage,,32994.31,2021-04-19
240549526,23418444,4332989,54.0,,0.15,58203.74,2021-07-07
240549864,23419061,4353133,24.0,Gap Insurance,0.05,12301.5,2021-06-04
240549941,23419949,4356841,6.0,Liability Insurance,,6058.32,2020-09-07
240551032,23420535,4366021,12.0,Comprehensive Coverage,0.15,16159.41,2020-01-08
240551187,23422003,4368688,12.0,Liability Insurance,0.15,,2022-12-17
240552365,23423361,4371451,,Custom Parts and Equipment (CPE),0.03,,
240552688,23425394,4375338,,Liability Insurance,,89541.43,2022-07-02
240552811,23426003,4375792,36.0,Uninsured/Underinsured Motorist,0.1,35553.07,2022-05-11
240552959,23429972,4384429,12.0,Uninsured/Underinsured Motorist,0.1,10784.21,
240556460,23432708,4387542,54.0,,,161728.09,2023-04-16
240558978,23432726,4393080,6.0,Gap Insurance,0.05,,2022-08-28
240561539,23436055,4400415,54.0,Comprehensive Coverage,0.15,80340.25,2022-11-02
240565972,23436070,4400799,12.0,Collision Coverage,,26467.42,
240566203,23437084,4412233,42.0,Collision Coverage,0.25,51021.35,2020-02-05
240566321,23442396,4429286,6.0,Collision Coverage,,19335.97,2022-09-17
240567891,23445820,4446149,42.0,Liability Insurance,0.15,32466.13,2020-09-23
240567968,23445923,4471064,48.0,,0.25,,
240568831,23446937,4471367,24.0,Liability Insurance,0.15,9492.64,2020-04-19
240569108,23447522,4488160,,,0.15,16976.92,2021-08-21
240569407,23447744,4491590,24.0,Comprehensive Coverage,0.15,,2022-08-20
240570036,23451462,4500757,60.0,Uninsured/Underinsured Motorist,0.1,33369.17,2020-12-12
240570094,23452063,4504406,18.0,,0.15,28009.83,2020-03-20
240570099,23452622,4513033,36.0,Collision Coverage,0.25,89194.72,2022-07-16
240571845,23454051,4544708,24.0,Liability Insurance,,51242.94,2023-01-27
240572620,23454384,4546760,24.0,,0.15,,2023-08-21
240572904,23455104,4546906,,Custom Parts and Equipment (CPE),0.03,13729.42,2020-09-26
240573976,23457009,4553009,,Personal Injury Protection (PIP),0.15,6207.96,2020-11-09
240575096,23458949,4563937,60.0,Custom Parts and Equipment (CPE),0.03,28298.41,2020-02-26
240577363,23461783,4567026,48.0,,0.15,,2023-06-02
240577377,23461981,4575260,42.0,Classic Car Insurance,0.02,10750.15,2022-06-06
240579168,23462962,4579968,60.0,Liability Insurance,0.15,34906.3,2021-10-03
240580398,23466488,4588879,36.0,Comprehensive Coverage,0.15,14634.95,2022-11-01
240585756,23467549,4589309,12.0,,,5402.66,
240586659,23468978,4598385,18.0,,0.25,57164.3,2021-06-06
240587137,23468991,4600608,36.0,Comprehensive Coverage,0.15,,2021-02-23
240590978,23469016,4601338,36.0,Collision Coverage,0.25,98861.38,2020-08-23
240591722,23469410,4603711,48.0,Collision Coverage,,,2021-05-06
240592450,23469430,4616035,,Comprehensive Coverage,0.15,14969.88,2023-10-18
240593658,23470265,4623060,12.0,Comprehensive Coverage,0.15,10038.28,2021-12-14
240595085,23471789,4634603,,Uninsured/Underinsured Motorist,,2650.43,2023-04-12
240595097,23472094,4652094,,Collision Coverage,0.25,4945.93,2020-02-20
240595729,23473291,4654748,6.0,,0.25,26865.99,2020-06-20
240597537,23474223,4663747,54.0,Classic Car Insurance,0.02,,
240603223,23474372,4679712,,Classic Car Insurance,0.02,,2022-03-15
240604509,23474730,4687107,24.0,,0.25,63395.47,2023-02-21
240604842,23475015,4696227,,Collision Coverage,0.25,36237.79,2022-08-03
240604852,23475652,4697793,18.0,Liability Insurance,0.15,,
240606252,23475795,4700965,36.0,Comprehensive Coverage,0.15,44301.99,2023-08-12
240607562,23476548,4702488,12.0,Collision Coverage,0.25,8649.97,
240608056,23477978,4706461,12.0,Comprehensive Coverage,,24784.71,2022-02-02
240608370,23478042,4708296,36.0,,,55377.38,2022-07-07
240609725,23479651,4720674,60.0,Uninsured/Underinsured Motorist,0.1,,2023-12-06
240612158,23479979,4725330,30.0,Personal Injury Protection (PIP),0.15,44665.41,
240612261,23481398,4730461,30.0,Collision Coverage,0.25,35841.3,2023-07-26
240615319,23481871,4732777,,,0.15,56338.79,2020-05-12
240615919,23484052,4733146,36.0,Comprehensive Coverage,,62920.91,
240616644,23484472,4739722,,Uninsured/Underinsured Motorist,0.1,18395.44,2022-10-14
240617457,23485162,4756064,48.0,Liability Insurance,0.15,,2022-07-22
240617676,23485164,4764977,30.0,,0.05,15415.81,
240618383,23487198,4780405,,Classic Car Insurance,0.02,8765.13,2020-01-08
240619135,23487536,4789036,48.0,Uninsured/Underinsured Motorist,0.1,63201.12,2021-10-25
240623583,23488349,4792282,30.0,Collision Coverage,0.25,39986.84,2021-11-01
240624938,23489714,4800703,30.0,Liability Insurance,0.15,21352.44,2023-07-08
240625102,23490171,4810506,42.0,Liability Insurance,,53811.22,2020-10-22
240626212,23490669,4811068,,Collision Coverage,0.25,33671.8,2022-06-26
240626308,23491255,4832369,48.0,,0.03,9319.38,2022-05-13
240626429,23492404,4849420,6.0,Personal Injury Protection (PIP),0.15,12591.32,2023-08-20
240627099,23492582,4858817,,Comprehensive Coverage,0.15,12784.32,2021-03-18
240629920,23492820,4876306,12.0,Liability Insurance,,7268.83,2021-10-23
240631672,23496604,4882218,18.0,Personal Injury Protection (PIP),0.15,10193.28,2020-10-15
240631730,23498229,4888789,12.0,Personal Injury Protection (PIP),,,2021-08-03
240632609,23498346,4920755,36.0,Personal Injury Protection (PIP),,51794.99,2020-12-18
240632839,23499613,4925731,12.0,Liability Insurance,0.15,28293.78,2021-11-05
240633545,23501471,4933180,6.0,Collision Coverage,0.25,7708.42,
240634563,23502807,4948620,18.0,Liability Insurance,0.15,21407.25,2021-02-19
240635913,23503208,4952671,12.0,,0.15,13682.79,2022-01-07
240636601,23505535,4965682,60.0,Comprehensive Coverage,0.15,94323.54,2021-01-04
240636749,23506844,4969810,12.0,Collision Coverage,0.25,22477.37,2020-01-12
240636798,23507444,4980456,48.0,Collision Coverage,0.25,191302.51,2020-09-13
240636947,23509545,4993446,54.0,Liability Insurance,0.15,53598.3,
240637914,23510479,5001904,24.0,Liability Insurance,0.15,24430.28,
240638475,23510800,5003740,,Personal Injury Protection (PIP),0.15,76793.71,2023-03-12
240640828,23514530,5016436,54.0,Uninsured/Underinsured Motorist,0.1,69685.86,2022-11-23
240641098,23514717,5019937,,,0.15,11386.94,2020-07-27
240642334,23517184,5026374,30.0,Collision Coverage,0.25,57918.07,2022-12-21
240645818,23517793,5026847,60.0,,0.15,,
240647107,23517803,5039420,6.0,Liability Insurance,0.15,12571.97,2021-11-11
240647203,23518120,5053943,24.0,Comprehensive Coverage,0.15,18507.45,
240647699,23518603,5058558,30.0,Gap Insurance,0.05,,2022-02-02
240648729,23518791,5060055,12.0,Personal Injury Protection (PIP),0.15,22300.87,2023-11-06
240650802,23520504,5088773,36.0,Liability Insurance,0.15,17252.31,
240650858,23521568,5105838,30.0,Comprehensive Coverage,0.15,,
240651200,23522004,5117130,6.0,Liability Insurance,,8328.12,2021-09-23
240651466,23522730,5123140,48.0,,,,2020-03-05
240651518,23525776,5123897,48.0,Liability Insurance,,102771.9,2023-03-27
240652044,23527576,5127949,36.0,Personal Injury Protection (PIP),0.15,37312.91,2023-07-22
240652093,23528954,5132322,54.0,Gap Insurance,0.05,32288.55,2021-05-19
240652261,23529405,5137776,24.0,Personal Injury Protection (PIP),,39336.21,2022-05-24
240652656,23529766,5148322,12.0,Collision Coverage,0.25,32604.59,
240653486,23530568,5166423,30.0,Liability Insurance,,39669.17,
240653853,23531361,5169002,6.0,Comprehensive Coverage,0.15,9998.66,2021-07-20
240657762,23532104,5169333,36.0,Collision Coverage,0.25,62914.66,2021-05-28
240659874,23532777,5170007,,Collision Coverage,0.25,,2023-10-20
240660234,23533377,5180332,42.0,,0.25,,
240660807,23534997,5198730,12.0,,0.15,9152.24,
240662011,23535246,5199189,,Comprehensive Coverage,0.15,36503.79,2020-09-06
240662121,23535485,5199404,30.0,Uninsured/Underinsured Motorist,0.1,17338.26,2023-06-15
240664442,23537263,5201286,,Uninsured/Underinsured Motorist,0.1,15860.22,2023-02-06
240666038,23539194,5209108,30.0,Comprehensive Coverage,0.15,12729.3,2022-11-07
240666129,23541344,5209874,60.0,,0.15,43786.12,2023-02-23
240668099,23541481,5212987,,Comprehensive Coverage,0.15,,2022-07-27
240669028,23543080,5214748,36.0,Comprehensive Coverage,,73634.93,2020-05-25
240670731,23543871,5219701,6.0,,0.05,1361.21,2023-10-09
240671443,23543898,5223013,42.0,Uninsured/Underinsured Motorist,,31976.15,
240671813,23544044,5228426,36.0,Liability Insurance,,42443.5,2021-07-22
240672769,23544734,5232439,18.0,Liability Insurance,0.15,36691.94,2020-07-05
240677037,23545049,5244102,48.0,Uninsured/Underinsured Motorist,0.1,24369.0,
240677185,23545262,5250823,54.0,Uninsured/Underinsured Motorist,0.1,,2022-07-08
240677519,23548792,5251542,42.0,Uninsured/Underinsured Motorist,0.1,37566.99,
240678784,23550863,5253804,30.0,Comprehensive Coverage,0.15,,2020-11-03
240679774,23552041,5255985,30.0,,0.02,8757.19,
240682457,23554923,5288019,24.0,Classic Car Insurance,0.02,4846.23,2022-05-04
240683367,23555110,5298315,36.0,Comprehensive Coverage,,59343.78,2021-05-28
240683535,23555722,5314630,,Collision Coverage,0.25,62425.69,2020-10-02
240685425,23556390,5315394,18.0,Comprehensive Coverage,0.15,9948.78,2020-03-07
240685801,23556394,5319035,12.0,Liability Insurance,0.15,24748.44,2021-05-14
240687396,23557184,5345230,54.0,Liability Insurance,0.15,23120.96,
240688461,23559061,5346059,60.0,Liability Insurance,,,2021-02-03
240688493,23559183,5353199,18.0,Liability Insurance,0.15,26706.12,2021-02-08
240688724,23560026,5353636,60.0,,,45780.59,2023-04-27
240688834,23560151,5365763,24.0,Custom Parts and Equipment (CPE),0.03,5636.38,2022-04-12
240688951,23562077,5377223,6.0,,0.25,19369.57,2023-08-13
240692397,23564232,5380511,,,0.15,77053.25,2023-08-20
240692518,23565902,5388940,48.0,Liability Insurance,,73285.93,2021-10-06
240693274,23570241,5394565,48.0,,0.1,26873.22,2023-10-26
240693608,23571442,5406692,30.0,,0.15,16968.3,2023-10-21
240694778,23571832,5407816,42.0,,0.15,21517.21,
240696029,23572908,5414697,18.0,Comprehensive Coverage,,9283.34,2020-03-15
240698702,23573232,5418612,,Uninsured/Underinsured Motorist,0.1,32853.32,2022-11-05
240698906,23575686,5423232,,Comprehensive Coverage,0.15,45254.7,2021-04-24
240700274,23575917,5425730,12.0,Liability Insurance,0.15,13318.2,
240700497,23577477,5428936,30.0,Collision Coverage,0.25,87267.31,2022-09-18
240700697,23578703,5433901,6.0,,0.15,4160.25,2023-01-09
240701143,23578951,5435910,6.0,Liability Insurance,0.15,3833.91,2021-02-08
240702992,23579309,5442866,54.0,Liability Insurance,0.15,52301.12,2023-11-14
240706414,23582247,5457267,,Comprehensive Coverage,,62719.28,2022-10-09
240707753,23582430,5473277,,,0.05,,2023-08-23
240708061,23584383,5480048,36.0,,0.15,71470.48,
240709667,23585262,5487381,42.0,Personal Injury Protection (PIP),0.15,53093.04,2020-04-26
240710747,23586525,5491875,,Comprehensive Coverage,0.15,13212.54,2023-11-04
240712292,23586897,5499912,,,,61145.87,2020-12-17
240712853,23587840,5503915,60.0,,0.25,174500.89,2022-10-21
240714203,23588553,5508082,6.0,Comprehensive Coverage,0.15,9138.28,2020-07-07
240715566,23589061,5511975,12.0,Collision Coverage,,49179.83,2020-03-14
240717772,23589140,5515242,,Comprehensive Coverage,0.15,,
240718540,23589441,5520749,,Uninsured/Underinsured Motorist,0.1,,
240719055,23589843,5535074,18.0,Personal Injury Protection (PIP),0.15,,2023-09-23
240720162,23590112,5536916,,Uninsured/Underinsured Motorist,0.1,42122.87,2020-02-09
240721428,23590213,5542081,6.0,,0.03,1329.72,2020-01-05
240725738,23591769,5544731,30.0,Comprehensive Coverage,0.15,,2023-05-06
240726017,23592668,5573877,,Personal Injury Protection (PIP),0.15,22261.4,2022-12-06
240729962,23593324,5586702,60.0,Collision Coverage,,113233.54,
240730086,23593416,5608975,60.0,Comprehensive Coverage,0.15,110605.56,2020-06-13
240731781,23593691,5640979,24.0,Uninsured/Underinsured Motorist,0.1,35027.99,2023-06-26
240732545,23593692,5648072,36.0,Gap Insurance,0.05,17379.15,2022-10-26
240732812,23594159,5651591,12.0,Uninsured/Underinsured Motorist,,,2021-12-15
240736423,23595850,5651633,60.0,Collision Coverage,0.25,75846.42,
240737066,23596248,5669544,30.0,Personal Injury Protection (PIP),,51565.68,2023-12-20
240737504,23596411,5678580,42.0,,,48057.51,
240737765,23598415,5681019,,Uninsured/Underinsured Motorist,0.1,13554.58,2021-08-27
240739617,23598493,5695333,42.0,,0.15,39388.66,2021-06-23
240739721,23599113,5716942,54.0,Custom Parts and Equipment (CPE),0.03,,2020-12-25
240739794,23599244,5741387,42.0,Liability Insurance,,54300.14,2021-10-06
240741947,23599280,5741817,60.0,Collision Coverage,0.25,156763.78,2020-02-19
240744581,23601322,5763864,24.0,,0.15,24293.19,2021-12-11
240744929,23601493,5764065,48.0,Custom Parts and Equipment (CPE),0.03,12615.52,2022-11-19
240745832,23602083,5768859,,Liability Insurance,0.15,81028.56,2021-12-04
240747505,23604611,5776838,48.0,Liability Insurance,0.15,,2021-07-23
240747940,23605127,5777044,30.0,Collision Coverage,0.25,83648.23,2021-10-10
240749012,23609629,5802498,6.0,,0.1,,2020-06-26
240749673,23610870,5814702,30.0,Personal Injury Protection (PIP),,,2022-10-07
240750488,23613041,5818608,36.0,,0.05,,
240750548,23614174,5820846,24.0,Collision Coverage,0.25,85036.99,2021-05-14
240750978,23614966,5854535,36.0,Uninsured/Underinsured Motorist,0.1,50992.42,
240750999,23615057,5854651,,Personal Injury Protection (PIP),0.15,34535.0,2022-10-27
240751947,23615167,5865360,42.0,Comprehensive Coverage,0.15,80342.19,2020-01-07
240756175,23618427,5878177,12.0,,0.15,27228.85,
240756233,23618922,5879945,6.0,Gap Insurance,0.05,1454.7,
240757803,23620928,5901362,12.0,,0.15,,2022-08-22
240758674,23622491,5908218,,Comprehensive Coverage,,80467.43,2023-10-14
240763098,23623374,5910254,,,,27207.85,
240763365,23623449,5910339,30.0,Uninsured/Underinsured Motorist,0.1,,
240763971,23623996,5928268,24.0,Liability Insurance,0.15,19485.51,2023-04-20
240765061,23624315,5928987,,Personal Injury Protection (PIP),0.15,29897.72,2023-10-12
240765798,23625328,5931164,,Collision Coverage,0.25,,2020-08-17
240765976,23625584,5939677,,Collision Coverage,0.25,59120.9,2022-12-12
240769214,23625771,5942890,12.0,Classic Car Insurance,0.02,1444.62,2023-12-12
240770883,23626284,5946273,30.0,Collision Coverage,,43022.82,2021-06-07
240771103,23626364,5960413,60.0,Liability Insurance,,26671.7,2021-10-24
240771432,23627060,5962624,36.0,Comprehensive Coverage,0.15,,
240772591,23627380,5963330,6.0,Uninsured/Underinsured Motorist,0.1,,
240773691,23628264,5969921,,,,91476.08,
240774313,23631151,6000241,,Custom Parts and Equipment (CPE),0.03,17784.69,2023-04-24
240774348,23631250,6001105,24.0,Comprehensive Coverage,0.15,45418.8,2023-11-21
240776564,23633575,6002253,24.0,Personal Injury Protection (PIP),0.15,33668.38,2021-03-06
240777229,23633651,6007960,,Liability Insurance,0.15,33693.27,2023-12-04
240777330,23633829,6010109,,Liability Insurance,0.15,16301.78,2021-10-28
240777532,23633994,6016831,54.0,Custom Parts and Equipment (CPE),,,
240779645,23635138,6019910,18.0,Collision Coverage,0.25,22878.82,2023-03-16
240780565,23636383,6029059,48.0,Collision Coverage,0.25,,
240781940,23636640,6046045,30.0,Liability Insurance,0.15,57647.22,2023-08-08
240782193,23637156,6053094,42.0,,0.15,,2023-03-12
240783415,23639682,6055250,,,,,2020-10-02
240783426,23640068,6099131,48.0,Liability Insurance,0.15,58173.71,2022-02-20
240783912,23640402,6108862,12.0,Uninsured/Underinsured Motorist,0.1,19027.98,2020-02-22
240784873,23640836,6113914,18.0,Liability Insurance,,13331.76,2023-01-21
240786972,23640956,6114129,,Liability Insurance,0.15,44284.71,2023-05-22
240792451,23641184,6120524,60.0,Liability Insurance,0.15,,2023-05-20
240794048,23641517,6120543,24.0,,,70976.01,2022-08-16
240797304,23642961,6129019,6.0,Comprehensive Coverage,0.15,,
240797559,23643622,6143244,48.0,Uninsured/Underinsured Motorist,0.1,65534.1,
240798626,23647474,6147062,42.0,Comprehensive Coverage,0.15,,
240798815,23647831,6149697,54.0,Collision Coverage,0.25,,
240798904,23650176,6155061,54.0,,0.25,50657.22,
240799359,23651454,6162766,,Uninsured/Underinsured Motorist,0.1,4430.57,2020-08-28
240800056,23651832,6185163,36.0,Collision Coverage,0.25,,
240800558,23651871,6189038,42.0,Personal Injury Protection (PIP),,37466.85,2022-12-23
240800687,23652143,6192610,24.0,Uninsured/Underinsured Motorist,0.1,26012.53,2021-05-25
240801555,23653265,6193914,,Comprehensive Coverage,0.15,23099.91,2020-01-21
240802522,23653389,6196295,60.0,Gap Insurance,0.05,14029.39,2023-10-17
240803348,23653456,6208423,12.0,Liability Insurance,,,2022-08-25
240805361,23653762,6218301,12.0,Comprehensive Coverage,,,2021-12-12
240805607,23657984,6235117,,,,24952.3,2022-03-13
240806463,23658011,6235668,6.0,Collision Coverage,0.25,11351.78,2020-07-12
240807456,23658320,6238153,,Uninsured/Underinsured Motorist,0.1,,2022-09-05
240807694,23658418,6239779,54.0,Collision Coverage,,125977.99,2021-01-09
240810260,23660375,6244535,48.0,Personal Injury Protection (PIP),0.15,55249.45,2020-06-10
240811087,23660743,6259466,12.0,Uninsured/Underinsured Motorist,0.1,10031.68,2023-02-05
240811313,23661155,6268149,60.0,Personal Injury Protection (PIP),,,
240811446,23661542,6290398,12.0,Liability Insurance,0.15,16702.58,2023-07-28
240819707,23662068,6300682,36.0,,,39686.43,2021-01-01
240820025,23662567,6301917,42.0,Collision Coverage,0.25,143324.58,2021-03-02
240820747,23663557,6303145,42.0,,,42518.28,2020-08-06
240820963,23664948,6311779,6.0,Liability Insurance,,2832.43,2021-01-03
240821828,23666799,6326946,18.0,Comprehensive Coverage,0.15,22576.51,2022-08-25
240822390,23669288,6336758,6.0,Gap Insurance,,3270.03,2020-01-04
240822416,23669536,6337519,6.0,Classic Car Insurance,0.02,1188.93,2023-02-16
240822748,23671516,6345387,18.0,Uninsured/Underinsured Motorist,0.1,15235.29,
240823181,23672165,6358950,30.0,,0.15,19107.5,2022-10-23
240823459,23672943,6373308,54.0,Liability Insurance,0.15,119068.84,2022-03-28
240825682,23673068,6376183,6.0,Classic Car Insurance,0.02,1295.33,2020-06-02
240826672,23675137,6376885,30.0,Comprehensive Coverage,0.15,58081.98,2022-05-10
240826919,23675968,6425557,24.0,,0.1,23023.19,2023-07-19
240827483,23677370,6433189,60.0,Liability Insurance,0.15,,2020-05-07
240828112,23679304,6437392,,Liability Insurance,0.15,35734.04,2022-02-07
240829652,23679763,6441998,,Comprehensive Coverage,0.15,,
240830783,23679976,6447168,42.0,Collision Coverage,0.25,52373.37,
240832078,23681586,6453843,6.0,,0.15,4545.21,
240834857,23686649,6461448,24.0,,,26717.02,2020-07-03
240835514,23686722,6473409,60.0,Liability Insurance,0.15,,2023-01-25
240835525,23686948,6485128,18.0,Uninsured/Underinsured Motorist,0.1,14715.75,2020-08-08
240835785,23687685,6485318,30.0,Personal Injury Protection (PIP),,15694.81,2023-09-25
240836625,23689704,6498204,36.0,Comprehensive Coverage,0.15,51318.05,2022-12-07
240836899,23689746,6516084,54.0,,0.1,,2020-01-26
240838255,23691236,6518203,12.0,Collision Coverage,0.25,35576.82,
240838472,23692445,6538038,54.0,,0.05,20163.44,2021-12-10
240840161,23692911,6548528,54.0,Personal Injury Protection (PIP),0.15,,2022-08-14
240840402,23696060,6553271,12.0,Uninsured/Underinsured Motorist,0.1,8425.27,2020-11-22
240841229,23696756,6553626,,Liability Insurance,0.15,,2020-08-19
240843094,23697850,6556728,24.0,Collision Coverage,0.25,29671.33,2023-12-27
240843684,23701649,6558520,,Comprehensive Coverage,0.15,116669.29,
240844037,23702925,6564108,6.0,Custom Parts and Equipment (CPE),,1714.99,2020-06-23
240845331,23704763,6577289,,Collision Coverage,0.25,,
240850024,23705828,6581702,54.0,Uninsured/Underinsured Motorist,0.1,68407.23,2022-03-26
240850039,23707653,6589298,6.0,Collision Coverage,,13270.29,2022-12-12
240852247,23708186,6598409,18.0,Collision Coverage,,37583.26,2022-05-15
240853494,23709654,6632676,42.0,Comprehensive Coverage,0.15,,
240853566,23711497,6637326,6.0,Gap Insurance,0.05,3815.56,2020-08-26
240855708,23715507,6651269,42.0,Uninsured/Underinsured Motorist,,23620.02,
240855807,23716265,6651823,,Liability Insurance,0.15,71527.79,2021-10-04
240855871,23716540,6661562,6.0,Comprehensive Coverage,,6367.95,2022-08-26
240858772,23717222,6663441,36.0,Personal Injury Protection (PIP),0.15,41175.4,2021-07-03
240859660,23717676,6671803,36.0,Collision Coverage,0.25,124783.24,2021-09-21
240860949,23718064,6673450,30.0,Collision Coverage,0.25,54725.21,2021-05-13
240861248,23718703,6689432,54.0,Liability Insurance,0.15,44383.36,2021-11-23
240861424,23720343,6706342,,Liability Insurance,,26211.16,
240862002,23721661,6709181,18.0,Uninsured/Underinsured Motorist,,8390.7,
240862503,23723705,6709450,60.0,Liability Insurance,0.15,102107.4,2021-11-06
240865018,23725042,6715461,30.0,Uninsured/Underinsured Motorist,0.1,39832.49,2022-03-01
240865196,23725740,6736671,60.0,,,,2023-12-17
240865722,23727675,6746945,24.0,Collision Coverage,0.25,72080.96,2020-06-27
240867299,23727943,6757549,,,0.15,,2021-09-27
240867675,23728928,6782958,,Collision Coverage,,99448.45,2021-03-27
240868041,23730330,6783021,48.0,Liability Insurance,,,2021-07-25
240868788,23730430,6783581,,Gap Insurance,0.05,,2022-02-28
240869186,23732584,6799391,24.0,Liability Insurance,0.15,,2021-08-04
240869319,23733848,6803807,60.0,,0.15,43346.04,2022-01-27
240872055,23736975,6822728,42.0,Liability Insurance,,91882.64,2021-09-05
240872868,23738470,6842824,36.0,Liability Insurance,0.15,30032.22,2020-10-23
240873951,23739820,6843900,18.0,Liability Insurance,0.15,36795.24,2020-03-18
240874076,23740096,6853365,,Liability Insurance,0.15,19049.33,2023-08-15
240875036,23742503,6871595,60.0,Classic Car Insurance,,17621.86,
240875102,23742659,6891199,,Gap Insurance,,,2020-07-03
240876015,23743942,6896573,30.0,Collision Coverage,0.25,22591.17,2021-02-18
240876714,23745028,6905902,,,0.1,,2020-01-04
240877158,23745149,6906647,18.0,,0.15,,2020-04-08
240877173,23746511,6911767,12.0,Custom Parts and Equipment (CPE),0.03,5156.51,2021-02-03
240878844,23746546,6913543,12.0,Custom Parts and Equipment (CPE),0.03,2717.08,2020-12-24
240882568,23748747,6914035,42.0,Classic Car Insurance,0.02,10161.01,2020-01-05
240886217,23749227,6915192,,Liability Insurance,0.15,67887.97,2020-12-01
240887025,23749682,6926172,18.0,,0.03,4313.69,2023-07-09
240887122,23749936,6929906,42.0,,0.15,29000.38,2022-09-01
240887775,23751187,6942356,18.0,Gap Insurance,0.05,4697.17,2021-06-12
240889348,23751843,6943716,54.0,Liability Insurance,,,2023-10-26
240891454,23756638,6946694,,Classic Car Insurance,,13325.22,
240892545,23756646,6961369,18.0,Liability Insurance,,34766.91,2021-12-23
240892719,23756657,6969471,24.0,Uninsured/Underinsured Motorist,,10433.14,
240894573,23756665,6969746,54.0,Uninsured/Underinsured Motorist,0.1,84923.14,2022-01-23
240896127,23757069,6971542,,Collision Coverage,0.25,,2023-03-12
240896746,23757818,6974663,30.0,Gap Insurance,0.05,14320.02,2021-03-10
240896800,23759836,6981201,54.0,Liability Insurance,0.15,113981.19,2021-10-03
240899888,23760069,6982776,30.0,,0.1,45345.47,2020-04-24
240900534,23761034,7011076,30.0,,0.15,53022.28,
240900953,23762874,7012388,30.0,Collision Coverage,0.25,21461.56,2022-03-06
240901990,23763540,7025793,36.0,Uninsured/Underinsured Motorist,0.1,27090.12,
240903189,23763848,7026318,18.0,,0.25,,2021-08-15
240903628,23764016,7031265,42.0,Collision Coverage,0.25,,2023-10-20
240904063,23764551,7038185,54.0,,0.25,29515.37,2022-02-05
240904624,23764718,7043508,36.0,Uninsured/Underinsured Motorist,0.1,36546.32,2020-03-06
240907211,23766959,7044431,,Comprehensive Coverage,0.15,,2023-12-22
240907576,23767424,7066452,12.0,,0.15,29687.48,2022-10-02
240909367,23767720,7070507,24.0,Liability Insurance,,,2023-10-06
240909459,23768957,7075028,36.0,Liability Insurance,0.15,54319.69,2021-09-02
240910726,23769078,7076374,12.0,Uninsured/Underinsured Motorist,,10493.83,2023-08-15
240910985,23771729,7081671,,,,5869.59,2023-03-05
240912996,23771828,7084391,12.0,Comprehensive Coverage,0.15,24832.25,2020-10-25
240913527,23772147,7088480,42.0,Gap Insurance,0.05,,
240914083,23773093,7089752,6.0,Liability Insurance,0.15,12452.26,
240914755,23773997,7094416,42.0,Liability Insurance,0.15,23661.91,2022-01-24
240915357,23775796,7101175,30.0,Collision Coverage,0.25,45219.91,2021-11-05
240918375,23776617,7110727,48.0,Liability Insurance,,,2022-04-08
240921794,23778829,7117651,42.0,Gap Insurance,0.05,15598.37,2022-09-07
240923083,23779647,7124295,6.0,Gap Insurance,0.05,,2022-04-17
240923237,23782979,7127068,60.0,Gap Insurance,0.05,6132.34,2020-08-13
240923386,23784449,7136600,,Gap Insurance,,15541.61,2022-05-08
240925704,23784623,7139420,12.0,,0.25,31746.48,2021-04-15
240927566,23785380,7142332,30.0,Collision Coverage,0.25,71301.84,
240927868,23785666,7146237,36.0,Personal Injury Protection (PIP),0.15,26770.53,2023-12-25
240928214,23787378,7150097,42.0,,0.15,,
240930279,23787767,7155363,,Collision Coverage,0.25,,2022-10-02
240931353,23788419,7166278,,Collision Coverage,0.25,8092.14,2020-09-16
240932044,23789993,7173973,,Gap Insurance,0.05,10569.29,2022-06-16
240932565,23790754,7176979,18.0,Liability Insurance,0.15,30720.53,2022-06-21
240933127,23790849,7183682,30.0,Liability Insurance,0.15,66615.2,
240933943,23792683,7186900,48.0,Personal Injury Protection (PIP),0.15,104287.48,2021-04-10
240934421,23794285,7213254,24.0,Uninsured/Underinsured Motorist,0.1,38702.03,2022-02-28
240934573,23794419,7221246,6.0,Collision Coverage,0.25,13196.2,2023-01-22
240935246,23794613,7225198,30.0,Uninsured/Underinsured Motorist,0.1,19385.92,2023-11-26
240937025,23795197,7227300,,Liability Insurance,0.15,43649.14,2022-03-05
240937809,23795390,7227807,6.0,Collision Coverage,0.25,12162.55,
240937845,23795724,7236144,60.0,,0.15,95404.84,
240938762,23795737,7238980,36.0,Comprehensive Coverage,0.15,,2022-06-22
240940235,23797075,7241134,6.0,,0.15,13240.86,
240940635,23797688,7245624,18.0,,0.15,38151.11,2022-08-09
240940893,23797822,7251644,60.0,Liability Insurance,0.15,72583.0,
240942653,23798680,7253163,,,0.1,3394.27,2023-01-23
240943321,23799580,7279953,12.0,,0.25,17750.24,2023-08-01
240944330,23800341,7282511,42.0,Comprehensive Coverage,0.15,,
240944770,23800404,7288052,54.0,Liability Insurance,0.15,125018.16,
240946359,23800679,7298371,,Collision Coverage,,80831.96,2021-01-04
240947405,23801413,7312074,24.0,Comprehensive Coverage,0.15,,2022-08-01
240948032,23801628,7319533,60.0,Liability Insurance,,90064.76,2020-03-23
240948291,23802034,7323034,,,0.15,,2021-11-12
240948696,23802733,7324235,,Collision Coverage,0.25,14043.81,2021-01-16
240951600,23807021,7334672,,,0.1,11522.85,2020-08-03
240951761,23807876,7336675,12.0,Collision Coverage,0.25,,2022-01-09
240953570,23810457,7354774,60.0,Personal Injury Protection (PIP),,114882.34,2023-11-12
240955634,23810633,7361681,,,0.15,21688.43,2022-08-16
240955873,23811719,7379955,24.0,Personal Injury Protection (PIP),0.15,10741.52,
240956901,23811720,7383710,42.0,Classic Car Insurance,0.02,11335.47,2021-04-11
240958935,23811887,7383982,54.0,Uninsured/Underinsured Motorist,0.1,61458.34,2023-03-15
240962474,23812062,7394315,60.0,,0.15,99611.36,
240964758,23812064,7395732,48.0,Classic Car Insurance,0.02,10458.43,
240965874,23814048,7400353,30.0,Personal Injury Protection (PIP),,,2023-12-19
240965919,23814805,7409954,18.0,Uninsured/Underinsured Motorist,0.1,15925.04,2022-04-08
240966155,23815190,7424927,42.0,Custom Parts and Equipment (CPE),0.03,17300.81,
240968048,23815888,7439182,,Liability Insurance,0.15,25379.15,
240969854,23816174,7443391,54.0,Liability Insurance,0.15,102064.84,2023-04-04
240970058,23816950,7450838,60.0,Comprehensive Coverage,0.15,61351.49,2020-12-08
240970128,23818041,7460667,24.0,Collision Coverage,0.25,66862.86,2022-04-03
240970441,23818724,7462625,60.0,Uninsured/Underinsured Motorist,0.1,107890.37,2020-02-08
240972053,23819088,7462947,12.0,Personal Injury Protection (PIP),0.15,,2022-09-25
240973014,23820277,7466669,,Collision Coverage,0.25,15404.92,2021-03-07
240973348,23820651,7470318,48.0,,0.15,93644.79,
240974355,23821436,7474671,6.0,,0.25,16651.29,2020-12-11
240980172,23822562,7476961,18.0,,0.25,29825.67,2021-11-07
240981736,23823569,7478097,6.0,Comprehensive Coverage,0.15,7538.23,2022-01-19
240983356,23824285,7498439,,,0.25,,2020-12-10
240983799,23824446,7500807,48.0,,0.15,20247.09,2022-09-07
240984540,23826971,7501354,,,,85143.78,
240986055,23827179,7502699,48.0,Uninsured/Underinsured Motorist,0.1,65513.5,
240987129,23827533,7506495,,Liability Insurance,0.15,34042.51,2021-05-16
240987650,23828622,7510486,30.0,,,15802.05,2023-10-25
240987787,23828663,7516305,48.0,Personal Injury Protection (PIP),0.15,58577.58,2023-10-28
240987932,23829673,7523207,42.0,,0.15,17110.2,2022-12-03
240988451,23830202,7524227,48.0,Personal Injury Protection (PIP),,17173.14,2021-03-03
240988918,23831178,7536789,12.0,Gap Insurance,0.05,7466.48,
240989725,23832838,7545354,24.0,,0.15,47821.24,2023-03-12
240990536,23833065,7551460,48.0,Uninsured/Underinsured Motorist,0.1,,2021-11-14
240992565,23833213,7553050,12.0,,,,2023-05-14
240994395,23835081,7566955,30.0,Liability Insurance,,38983.9,2021-11-01
240995672,23835473,7572415,,,0.25,19026.17,2023-12-01
240996625,23835792,7588470,42.0,Liability Insurance,0.15,62563.61,2020-05-03
240997595,23836652,7589049,54.0,Collision Coverage,0.25,89562.63,2023-02-23
240999489,23836782,7598707,54.0,,0.15,52400.43,
241002197,23837575,7599806,36.0,,0.15,52716.55,2023-07-17
241002248,23837653,7603656,48.0,,,50657.23,2020-02-07
241002731,23838636,7627743,36.0,Uninsured/Underinsured Motorist,0.1,,2022-10-17
241004044,23838729,7650736,54.0,,0.15,83236.77,2020-12-15
241004990,23840244,7651460,48.0,Liability Insurance,0.15,64881.15,
241005256,23841245,7653278,60.0,Liability Insurance,,23351.93,2021-10-12
241005344,23841543,7657295,54.0,,,94475.92,2022-10-16
241006422,23842286,7658488,30.0,Uninsured/Underinsured Motorist,,28609.14,
241006688,23846520,7659080,36.0,Collision Coverage,0.25,109977.55,2023-11-02
241006836,23847317,7661945,,Liability Insurance,0.15,23127.2,2021-07-02
241008200,23849001,7664730,12.0,Liability Insurance,0.15,,2023-01-20
241008670,23850215,7682193,60.0,Liability Insurance,0.15,57403.4,2022-01-05
241012472,23852624,7686124,36.0,,0.1,49656.53,
241015851,23852821,7702906,60.0,Collision Coverage,0.25,,2022-02-20
241017001,23855339,7703717,54.0,Gap Insurance,0.05,,2020-01-17
241017519,23855457,7718771,,Collision Coverage,0.25,101353.89,2021-09-17
241017932,23855791,7727842,60.0,Comprehensive Coverage,,39716.0,2023-10-05
241018255,23856131,7728527,12.0,Collision Coverage,,4064.42,2020-10-21
241018445,23859098,7733523,60.0,Collision Coverage,,149952.16,2022-10-21
241018856,23859752,7738200,48.0,,0.15,102473.99,
241020017,23860252,7749331,,Comprehensive Coverage,0.15,12505.02,2023-06-06
241020216,23861015,7755609,12.0,Liability Insurance,0.15,11388.88,2022-10-20
241022273,23861889,7763250,48.0,Custom Parts and Equipment (CPE),,17552.28,
241022422,23862244,7780756,,Custom Parts and Equipment (CPE),0.03,11380.74,2023-02-18
241024187,23864505,7786776,30.0,Comprehensive Coverage,,33765.7,2023-05-19
241024449,23864565,7793908,,Collision Coverage,0.25,,2023-12-03
241026130,23864638,7796173,,Liability Insurance,0.15,22539.05,
241026993,23867091,7799838,,Uninsured/Underinsured Motorist,,18687.43,2023-07-25
241027461,23870153,7803500,60.0,Gap Insurance,0.05,,2023-06-18
241027837,23871043,7809401,,Collision Coverage,0.25,58462.42,
241028891,23871385,7829481,,Liability Insurance,0.15,,2022-11-18
241030176,23872028,7843897,24.0,Personal Injury Protection (PIP),,30828.1,2021-12-20
241030406,23872809,7861955,36.0,Personal Injury Protection (PIP),,38687.78,2022-06-02
241030820,23873002,7874662,,Personal Injury Protection (PIP),0.15,14970.89,2023-07-24
241031165,23874472,7883942,42.0,Personal Injury Protection (PIP),,41608.54,2022-08-07
241034106,23875388,7898850,18.0,,,,2021-06-26
241034268,23875837,7899663,48.0,Personal Injury Protection (PIP),0.15,,2021-08-27
241035151,23875983,7910188,24.0,,0.15,,2020-05-09
241035905,23877138,7916860,54.0,Comprehensive Coverage,0.15,,2022-12-14
241036694,23877293,7924728,24.0,,,26646.35,
241040147,23877449,7925203,54.0,,0.25,,2023-09-21
241040337,23878365,7931583,,Liability Insurance,0.15,13703.26,2021-07-09
241040423,23881590,7935506,12.0,Classic Car Insurance,0.02,2001.28,2020-07-23
241046921,23882604,7954823,42.0,Custom Parts and Equipment (CPE),0.03,15775.35,2020-12-14
241047009,23882621,7962034,,Liability Insurance,0.15,35951.66,
241048141,23883504,7984805,18.0,,,,2020-03-04
241049932,23885039,7985760,12.0,Uninsured/Underinsured Motorist,0.1,3713.85,
241050491,23885574,7993302,60.0,Liability Insurance,0.15,,
241050794,23885919,8009535,,Personal Injury Protection (PIP),0.15,79578.42,2022-03-03
241051554,23887954,8012208,18.0,Uninsured/Underinsured Motorist,0.1,,2021-01-18
241051865,23889289,8012773,,Liability Insurance,0.15,,2023-10-17
241054613,23889970,8015237,54.0,,0.15,108086.8,2023-08-20
241057994,23890124,8024822,,Gap Insurance,0.05,4861.07,2022-09-13
241061075,23892095,8025002,30.0,,,27871.06,2023-08-09
241063288,23893857,8031112,36.0,Comprehensive Coverage,0.15,80567.26,
241063351,23893863,8031471,,Uninsured/Underinsured Motorist,0.1,,
241065225,23894511,8040706,18.0,,0.15,,2021-06-09
241065293,23894632,8057855,54.0,Collision Coverage,0.25,155976.73,
241067435,23894648,8068539,60.0,Liability Insurance,0.15,78964.58,2023-08-22
241070042,23894980,8099000,54.0,Classic Car Insurance,0.02,10071.78,2020-04-26
241070845,23895366,8106605,,Uninsured/Underinsured Motorist,0.1,28654.1,
241071132,23895976,8117565,,Comprehensive Coverage,0.15,16389.9,2020-05-14
241073095,23896129,8123336,,Uninsured/Underinsured Motorist,,14384.99,2023-08-07
241073849,23897305,8124506,24.0,Collision Coverage,0.25,41527.29,2021-10-07
241075920,23897314,8125375,36.0,,0.25,129786.69,2021-07-15
241076097,23898992,8146430,42.0,,,,
241078206,23900721,8148203,,,0.1,,2020-03-04
241080612,23901123,8152353,24.0,Classic Car Insurance,0.02,,2020-11-04
241081591,23901443,8163199,,Uninsured/Underinsured Motorist,0.1,6253.48,2023-06-20
241081903,23901841,8173894,,Liability Insurance,,26073.75,2022-01-28
241084572,23901873,8191398,54.0,,0.15,87970.83,2021-05-07
241084619,23902505,8194310,60.0,,0.15,119999.7,2023-05-20
241084686,23902559,8197576,18.0,Collision Coverage,0.25,26233.7,2020-12-16
241085153,23903718,8203488,42.0,Comprehensive Coverage,0.15,75078.9,
241085288,23904641,8215167,42.0,,0.25,106358.56,2022-07-15
241085571,23906617,8222190,30.0,Liability Insurance,0.15,,2022-09-27
241085621,23908848,8241432,,,,77149.06,2021-01-21
241086691,23909544,8245841,18.0,Custom Parts and Equipment (CPE),,4455.94,2023-09-23
241086983,23909778,8247320,12.0,Liability Insurance,0.15,8989.99,2021-02-20
241087979,23909822,8262777,12.0,,0.25,21693.79,2023-06-18
241090302,23911926,8266443,54.0,Collision Coverage,0.25,,
241090417,23912568,8273106,,Liability Insurance,0.15,16062.51,
241091573,23912648,8296538,42.0,Liability Insurance,0.15,,2021-09-05
241091711,23912848,8301782,60.0,Liability Insurance,,60660.26,2022-03-01
241093468,23914114,8302205,24.0,Collision Coverage,0.25,62667.28,2020-08-13
241094752,23915445,8324235,6.0,Classic Car Insurance,0.02,1752.68,2020-08-24
241094755,23916747,8327644,,Personal Injury Protection (PIP),0.15,6797.53,2020-03-28
241095110,23917325,8336357,24.0,Uninsured/Underinsured Motorist,0.1,18140.37,2023-02-18
241099645,23919874,8336530,,,,74189.38,
241100075,23922285,8346917,,Personal Injury Protection (PIP),,10741.54,2021-07-12
241102614,23922432,8349064,,Custom Parts and Equipment (CPE),0.03,10506.05,2023-08-10
241103677,23922465,8370817,42.0,Liability Insurance,0.15,47045.63,2023-07-01
241105828,23922703,8371401,48.0,Liability Insurance,0.15,81465.0,
241108338,23923780,8374135,60.0,Personal Injury Protection (PIP),0.15,27481.53,
241108379,23924738,8374665,18.0,Liability Insurance,0.15,,2023-07-21
241109260,23925051,8385064,60.0,Classic Car Insurance,0.02,,
241109277,23926169,8385660,,Gap Insurance,,17809.23,2021-03-10
241109364,23929643,8425058,,Comprehensive Coverage,0.15,,2021-07-23
241109932,23930011,8425189,42.0,Liability Insurance,0.15,24243.08,2021-06-24
241111731,23930515,8444527,36.0,,0.15,54864.41,2022-07-13
241112484,23931179,8445783,18.0,Liability Insurance,0.15,,2023-08-13
241114842,23931205,8451855,30.0,Liability Insurance,0.15,31244.99,2022-03-08
241115265,23932208,8457478,12.0,Comprehensive Coverage,0.15,,
241117452,23932311,8466057,6.0,Comprehensive Coverage,0.15,5809.7,2021-09-04
241118419,23932651,8467660,12.0,Gap Insurance,0.05,7250.53,2023-08-14
241118712,23932662,8477144,,Gap Insurance,0.05,20819.17,2022-07-20
241120399,23933445,8487204,30.0,Uninsured/Underinsured Motorist,,37540.54,2020-12-14
241120919,23933845,8495850,54.0,Personal Injury Protection (PIP),,94499.27,2021-10-10
241121151,23935062,8502703,,Gap Insurance,0.05,,2021-07-01
241121180,23938804,8506404,54.0,Liability Insurance,,,2022-11-28
241121522,23939157,8512815,,,0.15,39205.57,2020-01-14
241121751,23939318,8513196,,Gap Insurance,0.05,27363.28,2022-04-09
241122932,23939758,8520841,,,,27356.56,2020-09-03
241123701,23940000,8537955,36.0,Comprehensive Coverage,0.15,36471.82,2020-04-09
241124471,23940319,8538541,6.0,Liability Insurance,0.15,9961.77,
241125948,23940604,8547576,12.0,Comprehensive Coverage,0.15,12676.87,2020-08-24
241128616,23941436,8550241,6.0,Collision Coverage,0.25,20524.64,
241130696,23941528,8550459,,Collision Coverage,0.25,62162.76,2023-03-28
241131551,23941766,8576400,,Personal Injury Protection (PIP),0.15,31162.71,2021-12-10
241132467,23943646,8577469,36.0,,,58782.12,2021-06-12
241133747,23943842,8584559,36.0,Collision Coverage,0.25,64167.01,2020-08-25
241135001,23945658,8584567,54.0,,,131238.19,2023-12-11
241135820,23946763,8591235,,Uninsured/Underinsured Motorist,0.1,36030.56,2023-10-27
241136219,23946925,8596666,12.0,Classic Car Insurance,,1640.28,2023-10-16
241139509,23948071,8599670,42.0,Custom Parts and Equipment (CPE),0.03,3300.27,2023-03-17
241139789,23950187,8604674,60.0,Collision Coverage,,109849.48,2022-05-01
241139883,23950230,8607551,36.0,,0.25,21878.94,2023-05-18
241140747,23950762,8619391,30.0,Liability Insurance,,57579.82,2020-02-15
241141552,23951053,8620309,6.0,Collision Coverage,0.25,19699.58,2022-12-05
241141687,23951991,8629333,48.0,,0.25,,2022-08-19
241142822,23954951,8632332,48.0,Comprehensive Coverage,0.15,,2023-11-27
241147840,23955082,8647296,60.0,,,40978.52,2023-09-18
241148297,23955943,8647792,18.0,,0.05,13591.35,
241149447,23956312,8664358,48.0,Uninsured/Underinsured Motorist,0.1,48660.48,
241149486,23958363,8665464,,,0.02,5323.01,2022-04-23
241153647,23959488,8668967,54.0,Personal Injury Protection (PIP),0.15,44731.71,2022-09-23
241154357,23960330,8671939,,Comprehensive Coverage,0.15,32767.15,2020-12-03
241155507,23962251,8682532,48.0,Liability Insurance,0.15,51912.52,2020-05-03
241157682,23964365,8689602,42.0,Comprehensive Coverage,0.15,38454.48,2023-03-15
241158844,23965522,8692923,6.0,Collision Coverage,0.25,4939.16,
241159275,23966542,8702007,30.0,Comprehensive Coverage,0.15,53081.73,2022-04-07
241160333,23969072,8711326,,Comprehensive Coverage,0.15,62377.26,2021-04-26
241160785,23969463,8712469,18.0,Custom Parts and Equipment (CPE),,,2023-05-20
241162197,23969603,8715333,,Uninsured/Underinsured Motorist,0.1,14636.0,2022-05-22
241162575,23970126,8723480,,Liability Insurance,0.15,18197.13,2020-03-11
241165070,23970197,8725135,60.0,Collision Coverage,0.25,54827.62,2023-11-25
241165742,23970404,8733492,54.0,Uninsured/Underinsured Motorist,0.1,,2020-07-19
241166901,23972180,8737175,42.0,,0.03,11367.98,2020-03-15
241169052,23972798,8744926,24.0,,0.03,8020.68,
241169574,23973146,8745547,30.0,Personal Injury Protection (PIP),,64478.95,2023-09-02
241170807,23974699,8746008,60.0,Liability Insurance,0.15,123569.18,2023-05-13
241171600,23975351,8751499,36.0,,,61437.87,2021-02-05
241173607,23975353,8758334,,Personal Injury Protection (PIP),0.15,57584.2,2020-10-24
241174111,23976912,8760331,,Liability Insurance,0.15,121031.02,2022-11-23
241174731,23978290,8775177,54.0,Personal Injury Protection (PIP),0.15,91829.1,2020-09-03
241176788,23978678,8782411,48.0,Personal Injury Protection (PIP),,,2021-08-22
241178859,23979549,8784213,,Collision Coverage,,104812.76,
241179137,23981496,8797168,48.0,Personal Injury Protection (PIP),0.15,39861.01,2021-10-13
241179573,23982299,8815826,30.0,,0.05,,2021-05-09
241180236,23982331,8817930,12.0,,,7487.88,2023-03-23
241180455,23982696,8830727,12.0,Liability Insurance,0.15,17378.17,2021-03-28
241180794,23983431,8837880,24.0,Collision Coverage,0.25,68106.68,2020-05-01
241181488,23983824,8842091,36.0,,0.15,,2020-10-15
241183937,23983875,8843044,30.0,Collision Coverage,0.25,76415.08,
241184918,23985384,8846849,,Liability Insurance,0.15,27081.41,2022-09-09
241186833,23987063,8848382,30.0,Collision Coverage,,29567.84,2020-07-06
241187045,23987443,8855017,6.0,Liability Insurance,0.15,5938.68,2023-12-21
241188325,23989546,8863342,42.0,,0.25,100840.91,2020-02-17
241189589,23990549,8880439,24.0,Comprehensive Coverage,0.15,,2021-10-15
241190452,23992871,8893447,24.0,Custom Parts and Equipment (CPE),0.03,7332.18,2020-08-10
241190884,23994433,8918007,36.0,Liability Insurance,,37759.96,2022-11-23
241191053,23994838,8920857,36.0,Collision Coverage,0.25,119210.16,2023-07-07
241191586,23995715,8924296,24.0,Personal Injury Protection (PIP),0.15,35959.89,2022-06-22
241191894,23997172,8925476,18.0,Uninsured/Underinsured Motorist,0.1,21722.0,2022-06-14
241193853,23997997,8926141,6.0,Personal Injury Protection (PIP),0.15,8019.14,2023-02-26
241196069,23998120,8959118,48.0,Liability Insurance,0.15,52483.38,2020-01-21
241196405,23998216,8959570,24.0,Collision Coverage,0.25,28611.16,2022-11-14
241196798,23998329,8982454,30.0,Classic Car Insurance,,5615.3,2022-01-20
241198532,23999118,8982766,6.0,,,4117.09,
241199476,23999348,8990633,,Personal Injury Protection (PIP),0.15,50342.53,
