customer_ID,Age,Phone,Customer_Type,Customer_Class
23000943,27.0,25079047912.0,Individual,
23001436,61.0,19823673770.0,Individual,6.0
23002492,36.0,12490875908.0,Individual,11.0
23002523,70.0,31030445631.0,Individual,
23004010,59.0,64204046784.0,,8.0
23004998,55.0,24750234083.0,Individual,8.0
23006262,48.0,38454197214.0,Individual,9.0
23006845,57.0,43220459421.0,,2.0
23007509,21.0,36796984407.0,Individual,1.0
23007524,,15454605082.0,Individual,9.0
23009191,54.0,39602428728.0,Individual,3.0
23011391,,,Company,8.0
23016715,53.0,34594990092.0,Individual,6.0
23018171,63.0,12880196610.0,,3.0
23019076,21.0,59475195596.0,Company,9.0
23020853,76.0,33031388281.0,Individual,10.0
23021819,69.0,50337442537.0,,11.0
23023821,60.0,23225700992.0,Individual,7.0
23024127,61.0,69640740941.0,Individual,11.0
23025179,74.0,,Individual,8.0
23025809,67.0,54906247443.0,Individual,6.0
23027320,85.0,62331104923.0,Individual,2.0
23028719,61.0,51330422384.0,Individual,
23030159,,37973726074.0,Individual,5.0
23030447,32.0,,Individual,
23030758,48.0,,Individual,3.0
23033269,45.0,39199585349.0,Individual,
23034645,73.0,37609047102.0,Individual,7.0
23035220,,63208159810.0,Individual,2.0
23035427,53.0,,,4.0
23036316,28.0,17885921304.0,Individual,10.0
23036374,88.0,53326353117.0,Individual,7.0
23037792,,,Individual,
23038861,65.0,,Individual,9.0
23040358,42.0,20874602285.0,Individual,4.0
23041276,34.0,62939653319.0,Individual,2.0
23044764,,,Individual,9.0
23047093,70.0,36751176554.0,Individual,4.0
23048512,74.0,28958722608.0,Individual,8.0
23049522,70.0,33853409879.0,Individual,11.0
23050245,29.0,15720111426.0,Individual,6.0
23050518,,,Individual,5.0
23051170,,59288439960.0,Individual,7.0
23052026,,,Individual,5.0
23053991,27.0,,Company,4.0
23054621,46.0,38611058483.0,Individual,6.0
23055282,49.0,20349483165.0,Individual,8.0
23055553,,65391541548.0,Individual,3.0
23057476,77.0,56233657212.0,Individual,9.0
23060539,37.0,30893356351.0,Individual,6.0
23061804,30.0,60690999086.0,Individual,8.0
23061809,63.0,44652431627.0,Individual,
23063541,82.0,36165098335.0,Individual,10.0
23064303,,21052662057.0,,1.0
23064309,39.0,33144356554.0,Individual,3.0
23064312,26.0,57548821585.0,Individual,9.0
23071895,25.0,37643987769.0,,6.0
23073424,,39172059019.0,Individual,2.0
23073755,,66758042992.0,Individual,7.0
23074509,60.0,68937880013.0,,9.0
23074684,60.0,50066450439.0,Individual,2.0
23075678,44.0,,Individual,4.0
23077113,72.0,38500986024.0,Individual,8.0
23079696,42.0,20881115658.0,,1.0
23081063,61.0,48976135082.0,Individual,3.0
23083134,26.0,47211515805.0,Individual,1.0
23085722,71.0,53570636106.0,Company,
23086305,59.0,,Individual,5.0
23090618,44.0,31436085732.0,Individual,11.0
23091435,51.0,,Individual,6.0
23092598,,16259483093.0,Individual,7.0
23094015,38.0,58545217817.0,Individual,8.0
23095113,,46763701217.0,Individual,
23096081,64.0,,Individual,8.0
23096620,42.0,51754343307.0,Individual,
23097136,51.0,10103414767.0,Individual,5.0
23098401,70.0,65588057872.0,Individual,9.0
23098464,38.0,13118175170.0,Individual,9.0
23098894,27.0,48109495713.0,Individual,11.0
23099438,31.0,58698669744.0,Individual,5.0
23104304,,,Individual,4.0
23106042,77.0,68301460672.0,Individual,4.0
23106261,,65262386344.0,Individual,2.0
23106268,58.0,,Individual,10.0
23106352,,13332126684.0,Individual,7.0
23109346,84.0,61950671352.0,Individual,3.0
23111274,,49086074963.0,Individual,5.0
23111945,,24119832672.0,,7.0
23112088,72.0,,Individual,10.0
23114774,23.0,42238485060.0,Individual,
23115079,60.0,18880200401.0,Individual,10.0
23115842,,,Company,3.0
23116250,45.0,57061651161.0,Individual,6.0
23117012,20.0,,,
23118581,54.0,,,9.0
23122115,,52717402153.0,Individual,6.0
23122772,63.0,41235853538.0,Company,
23122828,57.0,65037364896.0,Individual,5.0
23123960,,15783272934.0,Individual,9.0
23124673,,64312078936.0,Individual,3.0
23126513,72.0,40909489609.0,Individual,
23128760,21.0,64026683687.0,Individual,6.0
23130581,43.0,69488297121.0,Individual,
23130959,89.0,62667140002.0,Individual,10.0
23132411,42.0,42983381442.0,Individual,
23134908,84.0,69379507064.0,Individual,4.0
23135041,87.0,40973882175.0,,8.0
23135586,51.0,37968975587.0,Individual,
23137196,72.0,35363999424.0,Company,11.0
23137535,84.0,56664333380.0,Individual,3.0
23138411,28.0,,Individual,3.0
23142229,44.0,,Individual,11.0
23142589,88.0,35731532289.0,,1.0
23142702,82.0,64496742998.0,Individual,1.0
23143130,45.0,,Individual,
23144350,,32256990608.0,Individual,
23144436,62.0,54083724588.0,Individual,3.0
23144438,25.0,,Individual,6.0
23148678,57.0,44658560648.0,Individual,2.0
23150177,,22945756125.0,Individual,8.0
23151342,82.0,42690545979.0,,
23151538,62.0,,Individual,5.0
23151925,32.0,35021358530.0,Individual,1.0
23152784,,68111872057.0,Individual,4.0
23153014,77.0,56567621685.0,Individual,6.0
23153151,89.0,13544252395.0,Individual,
23154265,33.0,28853304441.0,,11.0
23154827,31.0,36159827282.0,Company,6.0
23155503,,39046665665.0,Individual,
23156266,20.0,,Individual,2.0
23157093,,43837299091.0,Individual,1.0
23157762,,59964639623.0,Individual,8.0
23157930,50.0,10412673397.0,Individual,
23158902,44.0,68378016610.0,Individual,4.0
23159334,72.0,44427171641.0,Individual,
23159978,52.0,64082127173.0,Individual,
23161856,82.0,,,9.0
23163205,81.0,13184520614.0,,6.0
23164088,67.0,,Company,
23164404,28.0,,,7.0
23167711,23.0,39399543582.0,Individual,8.0
23168313,72.0,68374965792.0,Individual,6.0
23169591,80.0,42306279007.0,Individual,1.0
23169906,,66728455268.0,Individual,5.0
23170241,79.0,24707702460.0,Individual,4.0
23171629,85.0,25379767315.0,Individual,9.0
23171631,27.0,,Individual,6.0
23171723,,64560893187.0,,7.0
23172181,,,,6.0
23172685,53.0,,Individual,
23172720,21.0,49322933512.0,Individual,11.0
23174324,,46688992564.0,Individual,1.0
23174336,59.0,,Individual,1.0
23174519,82.0,64077073548.0,,8.0
23175356,82.0,27091421462.0,Individual,8.0
23176086,47.0,62687425177.0,Individual,
23177114,78.0,33157779546.0,Individual,3.0
23179541,67.0,45530383529.0,Individual,11.0
23180369,45.0,12400501431.0,Company,2.0
23182791,45.0,57432703718.0,Individual,8.0
23183185,84.0,31448816795.0,,7.0
23183472,35.0,47781769700.0,Individual,1.0
23184116,27.0,34126436373.0,Individual,1.0
23184486,43.0,39260006476.0,,7.0
23185824,60.0,41015715971.0,,6.0
23186866,58.0,48046684106.0,Individual,6.0
23187704,57.0,,Individual,
23189464,88.0,17024557553.0,Individual,8.0
23189917,80.0,,Individual,1.0
23190409,,64299777004.0,Individual,
23190466,50.0,29998585352.0,Individual,6.0
23195575,57.0,51039757795.0,Individual,
23198724,51.0,17568366246.0,Individual,2.0
23199577,69.0,28700979245.0,Individual,
23200083,,,,
23200103,73.0,51383306181.0,Individual,6.0
23200900,28.0,,Individual,10.0
23200939,,40834863418.0,Individual,8.0
23201283,45.0,37838478662.0,Individual,
23204125,59.0,42014981874.0,Individual,8.0
23205760,,,Individual,3.0
23206339,70.0,16835084069.0,Individual,1.0
23207557,,19991898993.0,Individual,4.0
23210244,,51442415372.0,Individual,9.0
23211229,,14406090366.0,Individual,3.0
23212149,83.0,29656188576.0,Individual,
23212908,77.0,51909157750.0,Individual,3.0
23213470,85.0,62451883125.0,Individual,1.0
23214887,63.0,28068131527.0,Individual,11.0
23215489,89.0,,Individual,4.0
23215601,78.0,20940100114.0,Individual,1.0
23216657,60.0,16329444897.0,,8.0
23217105,,53911414065.0,Individual,4.0
23217611,54.0,51161491098.0,Individual,8.0
23217776,85.0,28128425832.0,Individual,2.0
23219524,20.0,50840216690.0,,6.0
23220709,67.0,35155018055.0,Individual,6.0
23221503,,,Individual,
23221516,84.0,64319650287.0,Individual,1.0
23222134,56.0,,Individual,4.0
23223371,80.0,17169976166.0,Individual,4.0
23226444,,47839868518.0,,
23226475,75.0,56349089879.0,Individual,1.0
23228466,,42420145314.0,Individual,2.0
23232298,25.0,32795112411.0,Individual,8.0
23232458,81.0,30005202562.0,Individual,
23232487,42.0,65916134257.0,Individual,9.0
23233701,81.0,,,11.0
23235006,59.0,54365726227.0,Individual,8.0
23235335,,,,11.0
23235450,77.0,29533180341.0,Individual,3.0
23235749,50.0,23579769775.0,Individual,7.0
23236230,40.0,,Individual,2.0
23236804,78.0,62909274660.0,Individual,
23236869,89.0,14535283612.0,Individual,5.0
23238352,41.0,63488967214.0,Individual,10.0
23239763,85.0,,Individual,6.0
23239933,72.0,,Individual,9.0
23240236,33.0,63814551570.0,Individual,
23240325,63.0,29737749540.0,,
23240403,87.0,48378841456.0,Individual,
23240851,29.0,,Individual,
23240972,74.0,43208754795.0,Individual,2.0
23241579,75.0,47292012821.0,Individual,
23242105,75.0,60660009199.0,Individual,4.0
23243023,76.0,68295127520.0,Individual,
23245937,69.0,,Individual,
23246721,,49996627035.0,,8.0
23247957,57.0,,Individual,
23248175,73.0,45882302443.0,Individual,5.0
23248638,81.0,43561363804.0,Individual,8.0
23248642,60.0,47649251650.0,Individual,2.0
23251297,87.0,,Individual,4.0
23251972,57.0,13917335431.0,Individual,1.0
23255732,23.0,,Individual,1.0
23255881,58.0,27207954323.0,Individual,4.0
23256287,53.0,51909179567.0,Individual,9.0
23256877,61.0,34759547992.0,,4.0
23257322,42.0,23726099895.0,Individual,
23258695,86.0,56452934157.0,Individual,5.0
23260625,77.0,65228926555.0,Individual,10.0
23262154,47.0,38592010587.0,Individual,7.0
23262480,78.0,25116223929.0,Individual,7.0
23263153,48.0,16994225949.0,Individual,7.0
23264915,,34210037826.0,Individual,2.0
23265723,67.0,39416027544.0,Individual,
23266633,53.0,15279959629.0,Individual,
23266649,45.0,52593214185.0,Individual,8.0
23266998,27.0,,Individual,
23267170,71.0,55842728859.0,Individual,7.0
23267455,49.0,62024644438.0,Individual,7.0
23268303,59.0,28249621443.0,Individual,4.0
23269478,61.0,45064777959.0,Individual,4.0
23269661,40.0,56636115194.0,Individual,11.0
23270518,53.0,,Individual,9.0
23270762,30.0,50000339188.0,Individual,3.0
23272130,,41489425223.0,,
23272487,,29173774731.0,Individual,2.0
23272930,73.0,36354073948.0,Individual,4.0
23274084,89.0,69188957442.0,,5.0
23274524,39.0,,Individual,5.0
23275028,20.0,54224043931.0,Individual,4.0
23275580,37.0,64085717824.0,Individual,4.0
23276331,78.0,32626608823.0,Individual,4.0
23276737,56.0,10626914083.0,Individual,5.0
23277936,,67733859647.0,,8.0
23278004,64.0,14672534320.0,Individual,11.0
23278589,57.0,46971972818.0,Individual,10.0
23278599,44.0,57745585268.0,Individual,4.0
23279010,65.0,,Individual,3.0
23281890,72.0,35170271309.0,Individual,2.0
23281953,80.0,51775269827.0,Individual,3.0
23282221,27.0,31416285699.0,Individual,4.0
23283139,,,Individual,10.0
23283214,40.0,,,11.0
23284482,,29743112028.0,Individual,3.0
23285672,27.0,47598368776.0,,7.0
23285704,,16356781009.0,Individual,6.0
23287025,29.0,62075159237.0,Individual,11.0
23287830,89.0,58736371408.0,Individual,8.0
23288242,,49352098164.0,,7.0
23288679,53.0,38060525283.0,,8.0
23290110,84.0,20858402659.0,,
23290219,53.0,11120682101.0,Individual,10.0
23290287,22.0,60465405536.0,,
23290797,36.0,59524438098.0,Individual,11.0
23292759,,46703051288.0,Individual,4.0
23294622,78.0,,Individual,9.0
23299526,,65746639048.0,Individual,2.0
23300068,62.0,,Individual,8.0
23301874,37.0,,,
23302211,,,Company,3.0
23302890,,22808782258.0,Individual,
23304645,61.0,14378941651.0,Individual,9.0
23304899,58.0,69526543065.0,Individual,1.0
23307400,44.0,58072360686.0,Company,4.0
23307654,53.0,,Individual,10.0
23309103,89.0,,Individual,11.0
23309518,29.0,18887688063.0,Individual,11.0
23310622,57.0,59792254313.0,Individual,7.0
23310790,31.0,35620366129.0,,7.0
23312719,45.0,63560489860.0,Company,8.0
23313053,36.0,24507363123.0,Individual,5.0
23313203,81.0,16431519573.0,Individual,10.0
23315749,43.0,31424123315.0,Individual,5.0
23317865,,51505991549.0,,4.0
23318440,29.0,25245025351.0,Individual,9.0
23318459,,,,8.0
23318966,61.0,29216140851.0,Individual,10.0
23319013,46.0,69160143215.0,Individual,
23319078,62.0,20639137721.0,Individual,9.0
23320476,82.0,49209334668.0,Individual,10.0
23320805,31.0,27323425725.0,Individual,2.0
23321961,52.0,51417073021.0,Individual,3.0
23322085,,31929564835.0,,6.0
23322816,49.0,29342375561.0,Individual,4.0
23326464,52.0,14362031091.0,Individual,2.0
23326576,86.0,15459326136.0,Individual,7.0
23328066,42.0,68339264715.0,Individual,2.0
23328195,67.0,67250287010.0,Individual,9.0
23328967,60.0,58880055544.0,Individual,6.0
23329934,,56786888619.0,Individual,
23331597,34.0,,Individual,4.0
23331861,22.0,,Individual,
23333947,,60855261201.0,,8.0
23335127,53.0,15342790644.0,Individual,7.0
23335144,62.0,,,5.0
23335422,56.0,59073730567.0,Individual,
23336331,20.0,,Individual,6.0
23336824,44.0,15221782855.0,,3.0
23337128,70.0,62623326807.0,Individual,4.0
23339851,58.0,37731781634.0,Individual,9.0
23340938,75.0,59893529161.0,Individual,6.0
23341621,32.0,22145364634.0,Individual,10.0
23343949,35.0,62418001810.0,Individual,
23346067,,43902300913.0,Individual,5.0
23346621,43.0,67315133626.0,,11.0
23349491,76.0,41484190022.0,Individual,10.0
23350881,36.0,22090207868.0,Individual,7.0
23350949,65.0,14768861645.0,,3.0
23351563,53.0,,Individual,9.0
23351578,23.0,,Individual,11.0
23352425,78.0,21084781523.0,Individual,6.0
23354100,77.0,63425679169.0,,
23355969,40.0,52163263834.0,Individual,9.0
23356743,86.0,24332998046.0,Individual,10.0
23357236,80.0,34825582452.0,Individual,10.0
23358571,30.0,,Individual,
23358598,71.0,21543336573.0,,8.0
23358804,20.0,,Individual,2.0
23359750,33.0,49844051519.0,Individual,10.0
23360406,45.0,44391396526.0,Individual,7.0
23361631,67.0,11091135656.0,Individual,9.0
23361897,89.0,55403230532.0,,8.0
23362058,43.0,68119212083.0,Company,
23362087,71.0,39914751032.0,Individual,
23362919,74.0,30234518354.0,Individual,8.0
23363556,44.0,,,1.0
23364097,41.0,44323499074.0,Individual,9.0
23364264,,24368408097.0,Individual,11.0
23365380,86.0,51188477851.0,,
23365548,61.0,66369778134.0,Individual,9.0
23370150,21.0,55999732593.0,Individual,4.0
23370978,78.0,39765491637.0,Individual,11.0
23371403,72.0,67126479904.0,Individual,3.0
23371836,20.0,43541569943.0,Company,
23371979,77.0,35662129802.0,Individual,8.0
23372777,34.0,50006924609.0,Individual,8.0
23373638,,,Individual,7.0
23375251,68.0,52798733501.0,,
23375509,,47040890572.0,Individual,4.0
23376606,,23583656674.0,,3.0
23376622,36.0,59741818929.0,Individual,10.0
23379241,,16137334536.0,,5.0
23379626,83.0,36042110049.0,Individual,
23380248,36.0,61080519775.0,Individual,
23380553,87.0,,,11.0
23380747,,62424421116.0,Individual,10.0
23381848,22.0,69418540237.0,Individual,2.0
23382001,52.0,13184600803.0,Individual,10.0
23382250,77.0,45387861293.0,Individual,2.0
23383511,48.0,,Individual,1.0
23383650,42.0,47873316513.0,Individual,5.0
23384139,,64919924232.0,Individual,5.0
23385641,69.0,49788585659.0,Individual,11.0
23387887,24.0,41112447640.0,Individual,1.0
23389875,24.0,63788509705.0,Individual,3.0
23393161,,13125194081.0,Individual,4.0
23393574,,15073693234.0,Individual,1.0
23393863,29.0,47444003215.0,Individual,9.0
23394828,55.0,37334404925.0,Individual,3.0
23396195,71.0,16370680712.0,Individual,
23396323,26.0,43382914324.0,Individual,
23399007,51.0,,Individual,9.0
23399957,47.0,,Individual,
23402456,30.0,40294980137.0,Individual,11.0
23402982,,19750662176.0,Individual,10.0
23405235,46.0,37802732924.0,Individual,3.0
23406624,,54256200670.0,Company,7.0
23406686,84.0,46384205845.0,Individual,1.0
23410215,56.0,42710638137.0,,11.0
23412039,52.0,69832645955.0,Individual,
23413112,57.0,35441224987.0,Individual,7.0
23414339,86.0,55622293900.0,Individual,6.0
23416817,60.0,11572354051.0,Individual,
23418444,20.0,66942130603.0,,11.0
23419061,58.0,12606799400.0,Individual,8.0
23419949,84.0,29959719694.0,,7.0
23420535,29.0,45510709059.0,Individual,9.0
23422003,82.0,10251710793.0,Individual,2.0
23423361,69.0,,Individual,1.0
23425394,,57049395612.0,,10.0
23426003,25.0,23849328079.0,Individual,9.0
23429972,38.0,11332352422.0,Individual,5.0
23432708,65.0,,Individual,
23432726,84.0,34487181042.0,Individual,
23436055,58.0,34631689217.0,Individual,5.0
23436070,61.0,16203300030.0,Individual,
23437084,37.0,51769615796.0,Individual,11.0
23442396,64.0,69648416624.0,,
23445820,38.0,52314434584.0,Individual,6.0
23445923,83.0,,Individual,4.0
23446937,26.0,40652541588.0,Individual,8.0
23447522,,,,9.0
23447744,80.0,51662189914.0,Individual,10.0
23451462,59.0,17528818856.0,Individual,2.0
23452063,20.0,13481669990.0,,2.0
23452622,57.0,63142501446.0,Individual,3.0
23454051,56.0,11356321194.0,Individual,
23454384,27.0,,Individual,8.0
23455104,,39514533908.0,Individual,10.0
23457009,,65842797473.0,Individual,11.0
23458949,24.0,12362516233.0,Individual,6.0
23461783,58.0,,,7.0
23461981,60.0,49025020479.0,Individual,1.0
23462962,82.0,62355593459.0,Individual,9.0
23466488,54.0,42838586750.0,Individual,10.0
23467549,48.0,62834826114.0,,
23468978,52.0,,Individual,5.0
23468991,69.0,67781046551.0,Individual,6.0
23469016,28.0,58897475833.0,Individual,11.0
23469410,41.0,36805905609.0,Individual,
23469430,,40427486078.0,Individual,7.0
23470265,44.0,49415988030.0,Individual,6.0
23471789,,16122455258.0,,
23472094,30.0,,Individual,7.0
23473291,52.0,,Individual,2.0
23474223,28.0,59810280577.0,Individual,3.0
23474372,,50210233288.0,Individual,
23474730,65.0,49752509432.0,,3.0
23475015,40.0,,Individual,6.0
23475652,54.0,30480922417.0,Individual,10.0
23475795,24.0,45584905536.0,Individual,3.0
23476548,68.0,20744014494.0,Individual,10.0
23477978,44.0,37513863636.0,,
23478042,85.0,33731672854.0,,4.0
23479651,63.0,68804754730.0,Individual,
23479979,36.0,13383324630.0,Individual,1.0
23481398,77.0,52759763988.0,Individual,11.0
23481871,,,Individual,10.0
23484052,28.0,15687633016.0,Individual,
23484472,53.0,,Individual,11.0
23485162,74.0,62826645957.0,Individual,8.0
23485164,84.0,48404348053.0,,4.0
23487198,52.0,,Individual,10.0
23487536,22.0,57755683198.0,Individual,10.0
23488349,47.0,44207868072.0,Individual,1.0
23489714,86.0,44033243752.0,Individual,11.0
23490171,65.0,38063264171.0,,6.0
23490669,40.0,,Individual,5.0
23491255,84.0,10112515209.0,,2.0
23492404,27.0,63955225487.0,Company,1.0
23492582,,28782299884.0,Individual,1.0
23492820,85.0,33897486078.0,,1.0
23496604,82.0,31038319260.0,Individual,5.0
23498229,54.0,16224976931.0,Individual,
23498346,41.0,28156768518.0,Company,
23499613,37.0,50195482527.0,Individual,1.0
23501471,89.0,50569109328.0,Individual,9.0
23502807,23.0,29133794542.0,Individual,8.0
23503208,41.0,67285556129.0,,2.0
23505535,79.0,16282018927.0,Individual,9.0
23506844,26.0,15783257689.0,Company,10.0
23507444,81.0,56648649878.0,Individual,7.0
23509545,42.0,17924918083.0,Individual,5.0
23510479,43.0,24104754990.0,Individual,11.0
23510800,,69666137846.0,Individual,9.0
23514530,80.0,28999477716.0,Company,10.0
23514717,,,Company,7.0
23517184,77.0,62460422607.0,Individual,5.0
23517793,61.0,17348707324.0,,8.0
23517803,89.0,27305044947.0,Individual,1.0
23518120,59.0,34055359540.0,Individual,5.0
23518603,81.0,10120170001.0,Individual,4.0
23518791,46.0,15550503921.0,Individual,5.0
23520504,66.0,44243785320.0,Individual,11.0
23521568,36.0,21131846021.0,Individual,10.0
23522004,21.0,19848418179.0,Individual,
23522730,29.0,54188052992.0,,
23525776,83.0,40603336227.0,Individual,
23527576,83.0,50075512148.0,Individual,4.0
23528954,80.0,67768702401.0,Individual,3.0
23529405,55.0,38203540740.0,,9.0
23529766,28.0,35949337233.0,Individual,6.0
23530568,76.0,67320589757.0,,1.0
23531361,65.0,44578775937.0,Individual,7.0
23532104,81.0,14031950018.0,Individual,8.0
23532777,64.0,,Individual,9.0
23533377,72.0,,,
23534997,34.0,,Individual,9.0
23535246,,44813359393.0,Individual,7.0
23535485,78.0,33777805920.0,Individual,5.0
23537263,,34056942848.0,Individual,9.0
23539194,71.0,60355513715.0,Individual,11.0
23541344,34.0,,Individual,6.0
23541481,,33009240412.0,Individual,10.0
23543080,49.0,13207401781.0,Individual,
23543871,28.0,66861868020.0,,8.0
23543898,86.0,22745208669.0,Individual,
23544044,76.0,48544975994.0,Individual,
23544734,76.0,33560069251.0,Individual,9.0
23545049,76.0,53509263434.0,Individual,2.0
23545262,57.0,48734523815.0,Company,2.0
23548792,62.0,10507756960.0,Individual,8.0
23550863,25.0,63156317454.0,Individual,10.0
23552041,34.0,,Individual,9.0
23554923,76.0,24769507213.0,Individual,8.0
23555110,31.0,19196136785.0,Individual,
23555722,36.0,,Individual,6.0
23556390,51.0,21859114323.0,Individual,10.0
23556394,78.0,22621930948.0,Individual,5.0
23557184,79.0,58347974549.0,Individual,9.0
23559061,84.0,25155419249.0,,2.0
23559183,81.0,22111304915.0,Individual,8.0
23560026,84.0,56415283912.0,,2.0
23560151,77.0,51415757262.0,Individual,10.0
23562077,36.0,23069281996.0,,6.0
23564232,,,Individual,2.0
23565902,23.0,43674551761.0,Individual,
23570241,25.0,,Individual,1.0
23571442,70.0,60107668072.0,,3.0
23571832,62.0,,Individual,11.0
23572908,68.0,36915494084.0,,8.0
23573232,,51503708970.0,Individual,10.0
23575686,,65635615057.0,Individual,5.0
23575917,75.0,42529817805.0,Individual,10.0
23577477,79.0,65232487281.0,Individual,2.0
23578703,75.0,,Individual,3.0
23578951,53.0,66803475097.0,Individual,4.0
23579309,31.0,23080520604.0,Individual,7.0
23582247,,22818573420.0,,
23582430,,,Individual,6.0
23584383,27.0,,Individual,7.0
23585262,44.0,15423787011.0,Individual,2.0
23586525,,65511899144.0,Individual,1.0
23586897,,,,1.0
23587840,75.0,,Individual,2.0
23588553,85.0,28437784991.0,Individual,11.0
23589061,47.0,41855275307.0,Individual,
23589140,,69107171655.0,Individual,6.0
23589441,,65869243932.0,Individual,11.0
23589843,61.0,19508503453.0,Individual,8.0
23590112,,69283919258.0,Individual,8.0
23590213,76.0,19726682639.0,,1.0
23591769,72.0,67260603059.0,Individual,5.0
23592668,,51574848018.0,Individual,5.0
23593324,51.0,34275823143.0,,4.0
23593416,26.0,13646635821.0,Individual,9.0
23593691,53.0,39810356763.0,Individual,8.0
23593692,78.0,60135252012.0,Individual,8.0
23594159,66.0,39464435953.0,,5.0
23595850,46.0,11128232585.0,Individual,3.0
23596248,71.0,37670441797.0,,3.0
23596411,52.0,67199900567.0,,
23598415,,39073895254.0,Individual,5.0
23598493,66.0,43277644609.0,,11.0
23599113,27.0,41788431543.0,Individual,2.0
23599244,69.0,55812175519.0,,3.0
23599280,59.0,22940985277.0,Individual,5.0
23601322,85.0,,Individual,5.0
23601493,25.0,41880781323.0,Individual,11.0
23602083,,61137135801.0,Individual,3.0
23604611,58.0,40260349713.0,Individual,
23605127,65.0,36128667752.0,Individual,11.0
23609629,43.0,12146981643.0,,4.0
23610870,32.0,28133822179.0,Individual,
23613041,29.0,68970663676.0,,2.0
23614174,49.0,47292720447.0,Individual,8.0
23614966,49.0,38478500234.0,Individual,1.0
23615057,,52266744553.0,Individual,11.0
23615167,44.0,52290739830.0,Individual,5.0
23618427,29.0,,Individual,5.0
23618922,88.0,58193244199.0,Individual,10.0
23620928,57.0,12909723090.0,,6.0
23622491,,40933412590.0,Individual,
23623374,80.0,,,
23623449,44.0,60003690032.0,Individual,4.0
23623996,72.0,55890509088.0,Individual,3.0
23624315,73.0,,Individual,2.0
23625328,,55688790126.0,Individual,6.0
23625584,,15226855058.0,Company,4.0
23625771,33.0,17360048307.0,Individual,6.0
23626284,32.0,65758189759.0,Individual,
23626364,66.0,29290844610.0,,11.0
23627060,49.0,51497266666.0,Individual,4.0
23627380,32.0,63263891625.0,Individual,
23628264,,17779918734.0,,
23631151,68.0,,Individual,8.0
23631250,55.0,65884982881.0,Individual,9.0
23633575,54.0,39917498612.0,Individual,4.0
23633651,,68444504408.0,Individual,11.0
23633829,,24845947039.0,Company,10.0
23633994,21.0,14748074016.0,,6.0
23635138,37.0,65956763825.0,Individual,6.0
23636383,63.0,43314219392.0,Individual,5.0
23636640,75.0,31041525291.0,Individual,4.0
23637156,29.0,,Individual,9.0
23639682,,59255443415.0,,10.0
23640068,36.0,55511161289.0,Individual,9.0
23640402,87.0,17049471322.0,Individual,1.0
23640836,61.0,50104131567.0,Individual,
23640956,67.0,,Individual,3.0
23641184,78.0,15251298142.0,Individual,6.0
23641517,56.0,,,10.0
23642961,32.0,69013460213.0,Individual,
23643622,46.0,13338900564.0,Individual,3.0
23647474,22.0,46570693239.0,Individual,
23647831,42.0,30120664925.0,Individual,
23650176,66.0,58684212459.0,,11.0
23651454,,62532962575.0,Individual,10.0
23651832,54.0,68593808025.0,Individual,9.0
23651871,87.0,13830123314.0,,9.0
23652143,20.0,59339728174.0,Individual,4.0
23653265,,19057569953.0,Individual,7.0
23653389,68.0,64936244826.0,Individual,3.0
23653456,23.0,50244786433.0,Company,
23653762,31.0,54028562888.0,,9.0
23657984,,,Individual,
23658011,60.0,49106115171.0,Individual,6.0
23658320,,35997683417.0,Individual,1.0
23658418,79.0,47014593900.0,Individual,
23660375,30.0,27345030052.0,Individual,1.0
23660743,24.0,34066014104.0,Individual,9.0
23661155,28.0,31326634231.0,Individual,
23661542,57.0,55161477688.0,Individual,3.0
23662068,78.0,,Individual,
23662567,78.0,29070869441.0,Individual,2.0
23663557,69.0,35514755244.0,,
23664948,39.0,31563271930.0,,2.0
23666799,55.0,18169321368.0,Individual,10.0
23669288,56.0,44792998648.0,,10.0
23669536,69.0,61649026170.0,Individual,5.0
23671516,38.0,13595228538.0,Individual,2.0
23672165,24.0,31493870531.0,,9.0
23672943,69.0,49076351861.0,Individual,9.0
23673068,33.0,27754494289.0,Individual,10.0
23675137,71.0,61226808722.0,Individual,3.0
23675968,36.0,,Individual,2.0
23677370,75.0,55671414357.0,Individual,7.0
23679304,,25858739297.0,Individual,3.0
23679763,,52393675931.0,Individual,
23679976,44.0,41056465855.0,Individual,4.0
23681586,86.0,,Individual,2.0
23686649,66.0,,,8.0
23686722,60.0,14040171745.0,Individual,10.0
23686948,59.0,60982170861.0,Individual,9.0
23687685,29.0,45292329707.0,,2.0
23689704,46.0,16017892015.0,Individual,10.0
23689746,40.0,,Individual,10.0
23691236,77.0,59578167829.0,Individual,1.0
23692445,88.0,21167629978.0,,3.0
23692911,86.0,31020609006.0,Individual,1.0
23696060,72.0,50032053633.0,Individual,1.0
23696756,59.0,,Individual,
23697850,83.0,16325345537.0,Individual,10.0
23701649,,10386836766.0,Individual,6.0
23702925,51.0,22212323297.0,Individual,
23704763,,53933123833.0,Individual,
23705828,47.0,36331038213.0,Individual,5.0
23707653,44.0,55488349382.0,,10.0
23708186,75.0,51883125414.0,Individual,
23709654,28.0,33137277244.0,Individual,
23711497,64.0,47255779519.0,Individual,5.0
23715507,73.0,14508623223.0,Individual,
23716265,,38860692611.0,Individual,5.0
23716540,47.0,66586918934.0,Individual,
23717222,63.0,55802869404.0,Individual,10.0
23717676,28.0,43729885531.0,Individual,9.0
23718064,60.0,10895210579.0,Individual,7.0
23718703,52.0,22663167347.0,Individual,7.0
23720343,,43876112844.0,Individual,
23721661,36.0,23309552915.0,Individual,
23723705,71.0,26944582238.0,Individual,1.0
23725042,84.0,59935251215.0,Individual,5.0
23725740,56.0,,,4.0
23727675,80.0,23150995592.0,Individual,8.0
23727943,38.0,,Individual,
23728928,,36293188866.0,,10.0
23730330,60.0,53082329139.0,Individual,
23730430,,30388270886.0,Individual,3.0
23732584,24.0,31950819899.0,Individual,
23733848,30.0,,Individual,7.0
23736975,55.0,47134383724.0,Individual,
23738470,25.0,65533670101.0,Individual,3.0
23739820,78.0,69772614828.0,Individual,7.0
23740096,,27296517828.0,Individual,9.0
23742503,50.0,49890569297.0,Individual,
23742659,,62759790118.0,Individual,
23743942,28.0,60865494493.0,Individual,2.0
23745028,,,Individual,
23745149,70.0,,Individual,2.0
23746511,39.0,51514931044.0,Individual,5.0
23746546,75.0,52447095627.0,Individual,2.0
23748747,51.0,42045548613.0,Individual,1.0
23749227,,69777984446.0,Individual,11.0
23749682,57.0,22010127790.0,,4.0
23749936,31.0,,Individual,9.0
23751187,64.0,65030800396.0,Individual,11.0
23751843,73.0,66227609587.0,Individual,
23756638,,56880496618.0,Individual,
23756646,37.0,43147853641.0,,
23756657,45.0,23885589809.0,,2.0
23756665,74.0,57970538515.0,Individual,5.0
23757069,,37743938967.0,Individual,
23757818,61.0,28054262541.0,Individual,7.0
23759836,45.0,22700694303.0,Individual,5.0
23760069,64.0,,Individual,3.0
23761034,58.0,,Individual,8.0
23762874,70.0,15418100751.0,Individual,5.0
23763540,35.0,10195723342.0,Individual,11.0
23763848,24.0,,Individual,
23764016,46.0,24754978671.0,Individual,6.0
23764551,46.0,24192544838.0,,10.0
23764718,48.0,37145305295.0,Individual,3.0
23766959,,68749269845.0,Company,10.0
23767424,89.0,,Individual,7.0
23767720,77.0,55080851405.0,Individual,
23768957,33.0,57468297114.0,Individual,9.0
23769078,42.0,55954457321.0,Individual,
23771729,,29392601915.0,,9.0
23771828,82.0,69251170992.0,Individual,8.0
23772147,25.0,63872299325.0,Individual,
23773093,64.0,62651175823.0,Individual,9.0
23773997,87.0,59443143080.0,Individual,1.0
23775796,43.0,14098874029.0,Individual,2.0
23776617,29.0,15075947918.0,Individual,
23778829,71.0,29751184729.0,Individual,10.0
23779647,25.0,12474896652.0,Individual,8.0
23782979,53.0,62727197545.0,Company,9.0
23784449,21.0,,,11.0
23784623,83.0,68029210036.0,,6.0
23785380,81.0,21268284536.0,Individual,3.0
23785666,51.0,21367896945.0,Individual,9.0
23787378,78.0,,Individual,9.0
23787767,,32345395828.0,Individual,11.0
23788419,,39390429141.0,Individual,8.0
23789993,,23398035288.0,Individual,4.0
23790754,89.0,52907444911.0,Individual,7.0
23790849,33.0,43327283117.0,Individual,1.0
23792683,80.0,32456220520.0,Individual,6.0
23794285,78.0,39476234078.0,Individual,1.0
23794419,65.0,36828760985.0,Individual,10.0
23794613,45.0,34990286519.0,Individual,2.0
23795197,,,Individual,9.0
23795390,84.0,58338411408.0,Individual,4.0
23795724,34.0,,Individual,7.0
23795737,35.0,58243092549.0,Individual,10.0
23797075,25.0,,Individual,5.0
23797688,74.0,,Individual,1.0
23797822,20.0,40781220444.0,Individual,4.0
23798680,,,Individual,4.0
23799580,52.0,,Individual,6.0
23800341,78.0,62220148894.0,Individual,7.0
23800404,49.0,30278465134.0,Individual,1.0
23800679,,36813360808.0,,6.0
23801413,51.0,21532457553.0,Individual,5.0
23801628,38.0,54620807442.0,,10.0
23802034,,,Company,1.0
23802733,,22890571644.0,Individual,3.0
23807021,,,Individual,11.0
23807876,69.0,17479828732.0,Individual,
23810457,84.0,42996109481.0,,6.0
23810633,,,,2.0
23811719,70.0,12322861173.0,Individual,1.0
23811720,73.0,50510370008.0,Individual,8.0
23811887,80.0,64478205919.0,Individual,7.0
23812062,78.0,43162364925.0,,4.0
23812064,77.0,65187840029.0,Company,9.0
23814048,38.0,38002324504.0,,2.0
23814805,61.0,26512874121.0,Individual,3.0
23815190,26.0,39772764992.0,Individual,7.0
23815888,,51927614606.0,Individual,1.0
23816174,52.0,33824784465.0,Individual,6.0
23816950,44.0,54758258025.0,Individual,5.0
23818041,70.0,24566375664.0,Individual,1.0
23818724,28.0,25390779474.0,Individual,6.0
23819088,22.0,58884617905.0,Individual,
23820277,,17709806977.0,Individual,7.0
23820651,58.0,,Individual,3.0
23821436,66.0,,Individual,3.0
23822562,63.0,63830271976.0,,4.0
23823569,33.0,40438078111.0,Individual,7.0
23824285,,,Individual,3.0
23824446,53.0,,Individual,3.0
23826971,,,,8.0
23827179,50.0,60420247024.0,Individual,9.0
23827533,,60618548003.0,Individual,11.0
23828622,87.0,,Individual,
23828663,20.0,14912016754.0,Individual,1.0
23829673,28.0,,Individual,9.0
23830202,87.0,28371670834.0,,1.0
23831178,31.0,51424173962.0,Individual,9.0
23832838,43.0,,Individual,1.0
23833065,40.0,63797381323.0,Individual,10.0
23833213,21.0,,Individual,
23835081,88.0,40212270973.0,Individual,
23835473,,30685727456.0,,8.0
23835792,42.0,60144717063.0,Individual,8.0
23836652,50.0,43255660756.0,Individual,8.0
23836782,58.0,14847525962.0,,1.0
23837575,72.0,64131425990.0,,4.0
23837653,87.0,,,3.0
23838636,84.0,69009853252.0,Individual,11.0
23838729,26.0,34917987800.0,,5.0
23840244,53.0,63891934518.0,Individual,6.0
23841245,49.0,10604350368.0,Individual,
23841543,34.0,40524483009.0,,
23842286,72.0,51807205952.0,Individual,
23846520,87.0,34539459660.0,Company,9.0
23847317,66.0,,Individual,1.0
23849001,44.0,31055215900.0,Individual,1.0
23850215,33.0,59315859037.0,Individual,2.0
23852624,52.0,14891372648.0,,11.0
23852821,52.0,12140418156.0,Individual,
23855339,45.0,20723615482.0,Individual,
23855457,,60292943032.0,Individual,11.0
23855791,43.0,62571560015.0,Individual,
23856131,55.0,58391016116.0,Individual,
23859098,55.0,10335487322.0,,4.0
23859752,54.0,,Individual,9.0
23860252,89.0,,Individual,9.0
23861015,40.0,63848230855.0,Individual,4.0
23861889,26.0,26749451750.0,Individual,
23862244,28.0,,Individual,9.0
23864505,20.0,29729266831.0,,3.0
23864565,,35507451155.0,Individual,4.0
23864638,,65211618017.0,Individual,9.0
23867091,,53068544024.0,,11.0
23870153,56.0,52074330293.0,Individual,
23871043,,41023560084.0,Individual,6.0
23871385,,26957822167.0,Individual,9.0
23872028,67.0,28482812267.0,,
23872809,42.0,27193147614.0,Individual,
23873002,,10058766183.0,Individual,1.0
23874472,27.0,55691226709.0,,6.0
23875388,76.0,23124922241.0,,
23875837,38.0,19024900119.0,Individual,
23875983,42.0,11862103310.0,,10.0
23877138,42.0,60504773108.0,Individual,8.0
23877293,66.0,67347640613.0,,8.0
23877449,59.0,,Individual,
23878365,,62301280642.0,Individual,1.0
23881590,54.0,19553946977.0,Individual,8.0
23882604,80.0,40253057230.0,Individual,3.0
23882621,33.0,,Individual,5.0
23883504,48.0,,Individual,
23885039,79.0,61229914519.0,Individual,11.0
23885574,33.0,26566010607.0,Individual,7.0
23885919,,14321168455.0,Individual,8.0
23887954,46.0,51379800567.0,Individual,10.0
23889289,,58161183929.0,Individual,11.0
23889970,75.0,,Individual,3.0
23890124,,,Individual,7.0
23892095,33.0,67104769631.0,,
23893857,40.0,54831794995.0,Individual,11.0
23893863,55.0,,Individual,4.0
23894511,55.0,,Individual,10.0
23894632,89.0,67964905261.0,Individual,7.0
23894648,57.0,32637198437.0,Company,10.0
23894980,42.0,68032102153.0,Individual,10.0
23895366,53.0,,Individual,2.0
23895976,,27839747196.0,Individual,11.0
23896129,,46222237446.0,,6.0
23897305,51.0,18200597813.0,Individual,5.0
23897314,50.0,,,4.0
23898992,65.0,,,10.0
23900721,22.0,,Individual,5.0
23901123,41.0,40348864716.0,Individual,2.0
23901443,,56215781805.0,Individual,10.0
23901841,32.0,,,
23901873,80.0,64879016208.0,,2.0
23902505,29.0,24115179734.0,,1.0
23902559,51.0,35070202580.0,Individual,1.0
23903718,69.0,66805852938.0,Individual,6.0
23904641,83.0,,Individual,10.0
23906617,67.0,51055030298.0,Individual,5.0
23908848,,52143630558.0,,6.0
23909544,65.0,48723992133.0,Individual,
23909778,74.0,61539166400.0,Individual,1.0
23909822,58.0,,Individual,7.0
23911926,56.0,50183998670.0,Individual,5.0
23912568,,68715352871.0,Individual,5.0
23912648,53.0,40148470763.0,Individual,
23912848,46.0,29307627717.0,,9.0
23914114,66.0,18646727135.0,Individual,10.0
23915445,38.0,19681679716.0,Individual,7.0
23916747,,58570046656.0,Individual,8.0
23917325,39.0,35522845674.0,Individual,8.0
23919874,,,Individual,
23922285,,16733488968.0,Individual,
23922432,,47540533037.0,Individual,1.0
23922465,49.0,69414517268.0,Individual,8.0
23922703,85.0,10197725589.0,Individual,6.0
23923780,41.0,41600603265.0,Individual,11.0
23924738,31.0,36044986094.0,Individual,9.0
23925051,74.0,48537251403.0,Individual,11.0
23926169,,45514468343.0,,10.0
23929643,,67628259743.0,Individual,10.0
23930011,26.0,33261755100.0,Individual,9.0
23930515,81.0,,Individual,1.0
23931179,61.0,44911516993.0,Individual,9.0
23931205,80.0,55603334876.0,Individual,8.0
23932208,67.0,13410960234.0,Individual,11.0
23932311,32.0,35095023381.0,Individual,5.0
23932651,32.0,58274701811.0,Individual,1.0
23932662,65.0,,Individual,1.0
23933445,57.0,37753491579.0,Individual,
23933845,73.0,63599356110.0,,6.0
23935062,60.0,,Individual,1.0
23938804,28.0,45860811447.0,,
23939157,,,Individual,3.0
23939318,,48565603935.0,Individual,3.0
23939758,,57299966280.0,,1.0
23940000,40.0,57718962070.0,Individual,7.0
23940319,35.0,41095381928.0,Individual,7.0
23940604,43.0,22388421923.0,Individual,8.0
23941436,82.0,30937233380.0,Individual,3.0
23941528,,28927251679.0,Individual,2.0
23941766,,29086719537.0,Individual,10.0
23943646,55.0,18752430517.0,,
23943842,58.0,69551045942.0,Individual,5.0
23945658,85.0,38799549631.0,,
23946763,,50035697711.0,Individual,10.0
23946925,53.0,57347903211.0,,8.0
23948071,23.0,19369966549.0,Individual,6.0
23950187,70.0,11385999230.0,,6.0
23950230,53.0,,Individual,5.0
23950762,23.0,18101780625.0,,
23951053,54.0,69249129889.0,Company,4.0
23951991,63.0,,,10.0
23954951,50.0,26773377314.0,Individual,6.0
23955082,61.0,59598896611.0,,
23955943,48.0,24187425312.0,,11.0
23956312,29.0,44918715003.0,Individual,10.0
23958363,,52699311707.0,,4.0
23959488,45.0,66117296026.0,Individual,4.0
23960330,77.0,,Individual,4.0
23962251,82.0,56552366844.0,Individual,7.0
23964365,41.0,45558052656.0,Individual,10.0
23965522,55.0,24950134748.0,Individual,3.0
23966542,76.0,13368485368.0,Individual,11.0
23969072,,25423219871.0,Individual,7.0
23969463,86.0,13063342252.0,,8.0
23969603,,,Individual,5.0
23970126,,15147453039.0,Individual,7.0
23970197,61.0,38361695645.0,Individual,5.0
23970404,57.0,10718048750.0,Company,9.0
23972180,83.0,,Individual,1.0
23972798,49.0,35092231762.0,,9.0
23973146,55.0,25465360501.0,Individual,
23974699,53.0,25626476055.0,Company,3.0
23975351,23.0,,Individual,
23975353,,40022356288.0,Individual,4.0
23976912,,28443027480.0,Individual,7.0
23978290,57.0,28715036713.0,Individual,11.0
23978678,87.0,20247129282.0,Individual,
23979549,,48439730083.0,,5.0
23981496,25.0,55572543108.0,Individual,3.0
23982299,41.0,,,6.0
23982331,60.0,,Individual,
23982696,33.0,62135098136.0,Individual,6.0
23983431,47.0,16849570735.0,Individual,5.0
23983824,54.0,11511899436.0,,9.0
23983875,20.0,25206634296.0,Individual,6.0
23985384,,25550609801.0,Individual,10.0
23987063,64.0,58169739624.0,,2.0
23987443,68.0,53346723593.0,Individual,8.0
23989546,71.0,49944806523.0,,1.0
23990549,79.0,50967613852.0,Company,7.0
23992871,37.0,49854517997.0,Individual,3.0
23994433,31.0,28862543390.0,,3.0
23994838,62.0,31587943005.0,Individual,7.0
23995715,53.0,66189869524.0,Individual,1.0
23997172,71.0,34996977400.0,Individual,3.0
23997997,72.0,40864077136.0,Individual,6.0
23998120,89.0,16978684225.0,Individual,10.0
23998216,74.0,66304514718.0,Individual,11.0
23998329,30.0,50090433535.0,Individual,
23999118,61.0,,Individual,
23999348,,53708296705.0,Individual,1.0
